date,bank_sector_gdp,number_of_commercial_banks,cash,invt_securities,loans,trading_assets,all_other_assets,int_bearing_deps,nonint_bearing_deps,fed_funds_and_repo,trading_liabs,oth_borr_money,other_liabs,re_loans,c_i_loans,consumer_loans,all_other_loans,roe,unlevered_roa,tier_1_ratio,net_interest_margin,,1,fiduciary,servicing,trading,vc,service_fees,securitization,other,risk_weighted_assets_assets,loan_loss_provisions_loans,net_chargeoffs_loans,loan_loss_reserves_loans,market_cap_tier1,market_leverage,2,date_key,geo_key
2000-01-01,0.5696919560432434,8458,0.047117896378040314,0.18321624398231506,0.5842525362968445,0.05624237656593323,0.12917092442512512,0.5302393436431885,0.12534528970718384,0.10086455941200256,0.037564314901828766,0.12256649881601334,0.05678030475974083,0.4629356563091278,0.27691158652305603,0.1452055722475052,0.11494720727205276,,,0.08883271366357803,0.008052743040025234,0.6736980080604553,0.32630202174186707,0.11718443781137466,0.1150369718670845,0.10330519825220108,0.0,0.0,0.0,0.0,0.7926719188690186,,,,2.8246147632598877,5.774094581604004,0.02666884873703661,20000101,USA
2000-04-01,0.5744238495826721,8416,0.048692379146814346,0.17538578808307648,0.5881670713424683,0.05854232236742973,0.12921246886253357,0.5257309675216675,0.12430141121149063,0.10180153697729111,0.034547194838523865,0.1311119943857193,0.056101493537425995,0.4663631021976471,0.27639997005462646,0.14226508140563965,0.11497185379266739,0.14023345708847046,0.047721318900585175,0.08695939928293228,0.007951261475682259,0.7119852304458618,0.28801479935646057,0.13616397976875305,0.13635005056858063,0.09263571351766586,0.0,0.0,0.0,0.0,0.7938311100006104,0.0018297667847946286,0.001312689739279449,0.016687534749507904,2.6019628047943115,6.304437160491943,0.028270922185711166,20000401,USA
2000-07-01,0.5780924558639526,8314,0.04770006984472275,0.17357134819030762,0.5927762985229492,0.055970996618270874,0.12998124957084656,0.529915452003479,0.12017632275819778,0.09810859709978104,0.036524564027786255,0.13052591681480408,0.05774526670575142,0.4667939841747284,0.27455300092697144,0.14219065010547638,0.11646238714456558,0.1800689399242401,0.05289357155561447,0.08711878955364227,0.007908829487860203,0.7066975235939026,0.29330241680145264,0.12928296625614166,0.1307959407567978,0.08220313489437103,0.0,0.0,0.0,0.0,0.8007329702377319,0.001560045639052987,0.0013303386513143778,0.016303228214383125,3.0752241611480713,5.427041530609131,0.028826168354097185,20000701,USA
2000-10-01,0.5838388800621033,8255,0.05090447515249252,0.16340859234333038,0.5710185766220093,0.07792583107948303,0.13674253225326538,0.5097038149833679,0.12067491561174393,0.09529034793376923,0.05111902579665184,0.13706058263778687,0.0586429201066494,0.46293988823890686,0.2738211452960968,0.1498352289199829,0.11340375244617462,0.18088483810424805,0.06338247656822205,0.08772239089012146,0.008827103301882744,0.7033075094223022,0.29669246077537537,0.12609222531318665,0.11428758502006531,0.11708373576402664,0.0,0.0,0.0,0.0,0.7799277305603027,0.0031958846375346184,0.002810484729707241,0.01709161326289177,3.046614408493042,5.553354740142822,0.028708843063251697,20001001,USA
2001-01-01,0.5912296175956726,8177,0.045588623732328415,0.15590383112430573,0.5694360733032227,0.07962863892316818,0.14944282174110413,0.5136005878448486,0.11568938940763474,0.10126875340938568,0.05119618773460388,0.13781701028347015,0.05920080840587616,0.46959972381591797,0.271117627620697,0.14841733872890472,0.11086530983448029,0.17052088677883148,0.04950655996799469,0.08881815522909164,0.007727535907179117,0.701179027557373,0.29882094264030457,0.12231271713972092,0.13242162764072418,0.14647173881530762,0.0006176772876642644,0.06450492143630981,0.050037931650877,0.4833231270313263,0.7817304134368896,0.001981702633202076,0.0018078081775456667,0.016672009602189064,2.874880790710449,5.687750339508057,0.027136857225559176,20010101,USA
2001-04-01,0.5853648781776428,8116,0.04857099801301956,0.15501125156879425,0.5683751106262207,0.07998248934745789,0.14806009829044342,0.5125996470451355,0.11931129544973373,0.10754098743200302,0.045743297785520554,0.1331813484430313,0.06066524609923363,0.47531646490097046,0.2644087076187134,0.15024709701538086,0.1100277304649353,0.15042661130428314,0.043811600655317307,0.09025298058986664,0.008038668893277645,0.7086108922958374,0.2913891673088074,0.133413627743721,0.15368226170539856,0.10056699812412262,-0.05942631885409355,0.07798401266336441,0.05540360137820244,0.5376384258270264,0.7778604030609131,0.0022090261336416006,0.0019827336072921753,0.016783947125077248,3.0848395824432373,5.3107075691223145,0.025584802361156563,20010401,USA
2001-07-01,0.6034705638885498,8090,0.047813531011343,0.1586553007364273,0.5447407364845276,0.08646626025438309,0.1623242050409317,0.4995540380477905,0.11682984232902527,0.11128945648670197,0.04803738743066788,0.12578122317790985,0.07781866192817688,0.4768025577068329,0.2595271170139313,0.15006022155284882,0.11361011862754822,0.1416569948196411,0.03893567994236946,0.08901716768741608,0.007810473442077637,0.6986920237541199,0.3013080358505249,0.12920868396759033,0.154730424284935,0.09212277829647064,-0.03263087570667267,0.07675392180681229,0.06694027036428452,0.5122920870780945,0.7533654570579529,0.0028854799456894398,0.0024092684034258127,0.017573527991771698,2.7248969078063965,6.136795520782471,0.025264667665485418,20010701,USA
2001-10-01,0.5992306470870972,8023,0.051867615431547165,0.17026439309120178,0.5470913648605347,0.07471916079521179,0.1560574471950531,0.5100175142288208,0.13260260224342346,0.10115668922662735,0.04504726454615593,0.12212593853473663,0.06818660348653793,0.4880845844745636,0.2509479820728302,0.1538102775812149,0.1071571633219719,0.14917254447937012,0.03303688392043114,0.09025498479604721,0.008333870209753513,0.6625255346298218,0.33747440576553345,0.13540193438529968,0.1486048549413681,0.04882892593741417,-0.021219424903392792,0.07891121506690979,0.07194385677576065,0.5368879437446594,0.7626868486404419,0.0038068736903369427,0.00302926916629076,0.01827116683125496,2.93560528755188,5.622293472290039,0.024000498259849557,20011001,USA
2002-01-01,0.5897404551506042,7949,0.04449402168393135,0.1731337010860443,0.5446465611457825,0.07920794188976288,0.15851779282093048,0.5160764455795288,0.12381649762392044,0.11021421104669571,0.04677548259496689,0.11892391741275787,0.06311359256505966,0.49200427532196045,0.24747595191001892,0.15479102730751038,0.10572875291109085,0.19611236453056335,0.03315473347902298,0.09394830465316772,0.008426700718700886,0.6479561924934387,0.35204383730888367,0.11615242063999176,0.1432756632566452,0.09150058031082153,-0.0033025245647877455,0.07545224577188492,0.054744280874729156,0.5217506885528564,0.7555524706840515,0.0026340389158576727,0.0023897322826087475,0.018882907927036285,2.9858150482177734,5.378955841064453,0.021953369624289377,20020101,USA
2002-04-01,0.5927507281303406,7911,0.047056976705789566,0.17523345351219177,0.5368595123291016,0.08611448854207993,0.15473555028438568,0.5123481154441833,0.12366192042827606,0.10797945410013199,0.050634074956178665,0.11991757899522781,0.06444589793682098,0.5011062622070312,0.23674489557743073,0.15614089369773865,0.10600793361663818,0.18008337914943695,0.032376375049352646,0.09475105255842209,0.008279317989945412,0.6556047797203064,0.344395250082016,0.12223590910434723,0.15253978967666626,0.06876257061958313,-0.012942176312208176,0.06759393215179443,0.05867868289351463,0.5421207547187805,0.7419989705085754,0.0028277530800551176,0.0026120152324438095,0.018880223855376244,2.770552635192871,5.775796890258789,0.020950382386219997,20020401,USA
2002-07-01,0.6063566207885742,7876,0.048728980123996735,0.17555922269821167,0.5400654673576355,0.08719528466463089,0.1484510451555252,0.5099171996116638,0.13216935098171234,0.10684745013713837,0.056064918637275696,0.1195000633597374,0.05461185798048973,0.5119733214378357,0.22737117111682892,0.15935784578323364,0.10129768401384354,0.17547740042209625,0.03140267729759216,0.09503941237926483,0.007990412414073944,0.7166953086853027,0.28330469131469727,0.16403566300868988,0.21499003469944,0.056395262479782104,-0.04206864535808563,0.059372883290052414,0.10281079262495041,0.44307082891464233,0.7328851819038391,0.0030065644532442093,0.0027541087474673986,0.018938103690743446,2.3222968578338623,6.765256404876709,0.02107439501626648,20020701,USA
2002-10-01,0.6299769878387451,7833,0.0482216402888298,0.17757421731948853,0.543420135974884,0.08615975081920624,0.1446242332458496,0.5125289559364319,0.13562728464603424,0.1081855446100235,0.052254680544137955,0.11836140602827072,0.0522262305021286,0.5276784896850586,0.21827702224254608,0.15849551558494568,0.09554895013570786,0.1634821891784668,0.02892748825252056,0.09351185709238052,0.0079712625592947,0.6570062041282654,0.34299373626708984,0.11309543997049332,0.16606785356998444,0.04915311187505722,-0.0069580404087901115,0.06171722710132599,0.07677347213029861,0.5392714142799377,0.736365020275116,0.0030673975124955177,0.002681311219930649,0.01906384900212288,2.407654285430908,6.639226913452148,0.020734080685649105,20021001,USA
2003-01-01,0.6268030405044556,7811,0.04681771621108055,0.18199950456619263,0.5361642837524414,0.08523150533437729,0.14978700876235962,0.5118544697761536,0.13382583856582642,0.11251730471849442,0.049871399998664856,0.11670000106096268,0.0548945777118206,0.536483883857727,0.21465803682804108,0.15511083602905273,0.09374723583459854,0.1932392418384552,0.028841687366366386,0.09430694580078125,0.007885534316301346,0.6517382860183716,0.3482617139816284,0.11501578241586685,0.15893076360225677,0.09295903146266937,-0.0073442659340798855,0.05317411944270134,0.06850357353687286,0.5185239911079407,0.7262909412384033,0.0021690831054002047,0.0021675494499504566,0.018584055826067924,2.2626473903656006,7.050857067108154,0.020566647653434952,20030101,USA
2003-04-01,0.6431819200515747,7779,0.04932456091046333,0.18313980102539062,0.524316668510437,0.08407967537641525,0.15913929045200348,0.4976114332675934,0.1379276067018509,0.11119280010461807,0.05347117409110069,0.1162635087966919,0.06374187767505646,0.5443942546844482,0.2047518491744995,0.15309180319309235,0.09776211529970169,0.19731321930885315,0.0280052088201046,0.09451476484537125,0.0075582535937428474,0.6343860626220703,0.3656139373779297,0.11312510073184967,0.1545458883047104,0.08635261654853821,0.00041678748675622046,0.041804954409599304,0.06563400477170944,0.5378619432449341,0.7159186601638794,0.002109818859025836,0.0021183020435273647,0.018292607739567757,2.5962181091308594,6.3518290519714355,0.020256045799865053,20030401,USA
2003-07-01,0.6237761378288269,7755,0.04446893557906151,0.17605683207511902,0.5317466855049133,0.0851372480392456,0.16259028017520905,0.5040138363838196,0.1292647123336792,0.10400703549385071,0.05594753101468086,0.12481898814439774,0.061114951968193054,0.5523945093154907,0.1985139548778534,0.15522988140583038,0.0938616693019867,0.1961025595664978,0.026623044162988663,0.09698187559843063,0.0076260617934167385,0.6244890093803406,0.37551096081733704,0.11147362738847733,0.1564187854528427,0.0664597898721695,0.01640990562736988,0.07475920021533966,0.07471226155757904,0.4997617304325104,0.7186930775642395,0.0017233623657375574,0.00196477142162621,0.01775202341377735,2.594400644302368,6.19210147857666,0.018652447135493466,20030701,USA
2003-10-01,0.6231039762496948,7713,0.04441908001899719,0.18107092380523682,0.5303438901901245,0.09210775047540665,0.15205834805965424,0.5052764415740967,0.13081561028957367,0.10172206163406372,0.054770492017269135,0.13173532485961914,0.05476220324635506,0.5435822606086731,0.19273367524147034,0.1634025126695633,0.10028155893087387,0.19517308473587036,0.026776732876896858,0.09684836119413376,0.00754872802644968,0.6190693974494934,0.380930632352829,0.1159742921590805,0.15114915370941162,0.05035300925374031,0.012970293872058392,0.0738985687494278,0.07062043994665146,0.5250341892242432,0.7205168604850769,0.0018274846952408552,0.0022078577894717455,0.01726679503917694,2.846071720123291,5.723269462585449,0.017846930839090256,20031001,USA
2004-01-01,0.6374748349189758,7656,0.04603360593318939,0.19058489799499512,0.5201074481010437,0.08908350020647049,0.1541905701160431,0.5040974020957947,0.12427570670843124,0.10715582221746445,0.05169682204723358,0.13071875274181366,0.06281094998121262,0.5535699725151062,0.18965831398963928,0.15847858786582947,0.09829314053058624,0.2051221877336502,0.02716401033103466,0.09684249013662338,0.007576225325465202,0.623893678188324,0.3761063814163208,0.11982625722885132,0.14860062301158905,0.08175621181726456,0.012292386963963509,0.06472963839769363,0.060781434178352356,0.5120134353637695,0.7163647413253784,0.0014464424457401037,0.001698806881904602,0.01675288751721382,2.855386734008789,5.8265862464904785,0.01778395793355138,20040101,USA
2004-04-01,0.64320307970047,7638,0.047876469790935516,0.18283261358737946,0.52387934923172,0.08596489578485489,0.15944667160511017,0.49965792894363403,0.130424365401268,0.10671680420637131,0.047967713326215744,0.13275934755802155,0.06394540518522263,0.5606212019920349,0.1864805370569229,0.15468637645244598,0.09821189939975739,0.1538839191198349,0.023276502266526222,0.09506342560052872,0.0074229612946510315,0.6183701753616333,0.3816297948360443,0.11503271013498306,0.15090642869472504,0.06297608464956284,0.020511334761977196,0.07925604283809662,0.06113949045538902,0.5101779103279114,0.7117135524749756,0.0013210488250479102,0.0015558766899630427,0.01655568741261959,2.7636141777038574,6.084018707275391,0.017639941022152595,20040401,USA
2004-07-01,0.6473555564880371,7595,0.04424383118748665,0.17200741171836853,0.5245130658149719,0.0934145525097847,0.1658211350440979,0.4967268705368042,0.1271732747554779,0.11177335679531097,0.049406830221414566,0.1327112317085266,0.06335735321044922,0.5612066984176636,0.18501459062099457,0.15963830053806305,0.0941404178738594,0.18807081878185272,0.02651851437985897,0.0948372483253479,0.007406012155115604,0.6540254950523376,0.34597450494766235,0.12837453186511993,0.16696672141551971,0.030257126316428185,0.018696172162890434,0.05938861146569252,0.08034847676753998,0.515968382358551,0.712431013584137,0.0013014971045777202,0.0013908382970839739,0.015740089118480682,2.7409629821777344,6.112634658813477,0.017302939988328072,20040701,USA
2004-10-01,0.6398526430130005,7567,0.0398806631565094,0.17363813519477844,0.5304429531097412,0.09322190284729004,0.16281633079051971,0.5038203597068787,0.13000403344631195,0.09823466837406158,0.050759267061948776,0.13088248670101166,0.06715996563434601,0.5573344826698303,0.18178240954875946,0.16441018879413605,0.09647291898727417,0.18733030557632446,0.0282878540456295,0.09563245624303818,0.007254220545291901,0.6350462436676025,0.3649536669254303,0.11445443332195282,0.14025194942951202,0.05449720472097397,0.023367900401353836,0.06495662778615952,0.0699007585644722,0.5325711369514465,0.7124608755111694,0.001326441066339612,0.0016634591156616807,0.015351691283285618,2.8713207244873047,5.86991024017334,0.016642115355790868,20041001,USA
2005-01-01,0.6488214731216431,7535,0.03951886668801308,0.1712723821401596,0.52317875623703,0.09413771331310272,0.17189225554466248,0.4965595602989197,0.12847764790058136,0.10785017907619476,0.04971956089138985,0.13218332827091217,0.05594133958220482,0.5642200112342834,0.18705110251903534,0.16282746195793152,0.0859014168381691,0.1965516358613968,0.03082478977739811,0.09483643621206284,0.007112753111869097,0.6398462057113647,0.3601537346839905,0.11876419186592102,0.1311565786600113,0.10413888841867447,0.03726837411522865,0.07459289580583572,0.07377215474843979,0.46030691266059875,0.7090749740600586,0.0012235918547958136,0.0013946413528174162,0.014457685872912407,2.610121488571167,6.393080234527588,0.01630193668291351,20050101,USA
2005-04-01,0.6517617702484131,7485,0.03921506181359291,0.16719111800193787,0.5257068276405334,0.09375610202550888,0.1741309016942978,0.4901684522628784,0.13163337111473083,0.11455556750297546,0.04888224974274635,0.1305844485759735,0.05550840124487877,0.5662139654159546,0.18800444900989532,0.15847554802894592,0.08730601519346237,0.19021786749362946,0.03247431293129921,0.09379672259092331,0.00699244299903512,0.6619800329208374,0.3380199670791626,0.12436547130346298,0.149353489279747,0.04352014884352684,0.02786492556333542,0.057526033371686935,0.07601439952850342,0.5213555097579956,0.7165670394897461,0.0012422242434695363,0.0012802170822396874,0.014180474914610386,2.6068406105041504,6.398969650268555,0.01645437586808465,20050401,USA
2005-07-01,0.6592678427696228,7475,0.03853869065642357,0.15951089560985565,0.5370813012123108,0.0947258397936821,0.1701432764530182,0.4923239052295685,0.12829381227493286,0.11659925431013107,0.04965450242161751,0.1385810375213623,0.046207159757614136,0.5771548748016357,0.1806529462337494,0.15478432178497314,0.08740785717964172,0.20767129957675934,0.036461684852838516,0.09415815770626068,0.006987933535128832,0.6513618230819702,0.3486382067203522,0.11038915812969208,0.13607937097549438,0.09737726300954819,0.025358611717820168,0.09134158492088318,0.07619291543960571,0.46326109766960144,0.7258638739585876,0.0018092695390805602,0.001643685856834054,0.013980724848806858,2.4473187923431396,6.646124839782715,0.016528767295549696,20050701,USA
2005-10-01,0.6606243252754211,7459,0.03988242149353027,0.1570953130722046,0.5409092307090759,0.09350831806659698,0.16860471665859222,0.4986041188240051,0.12881384789943695,0.11398763209581375,0.04514155164361,0.13753704726696014,0.04743778705596924,0.5800707340240479,0.1824735403060913,0.15342915058135986,0.08402657508850098,0.19357654452323914,0.03797333687543869,0.09357614070177078,0.006950100883841515,0.6697944402694702,0.3302054703235626,0.11037283390760422,0.134147047996521,0.060043368488550186,0.022447925060987473,0.07874082028865814,0.06381334364414215,0.5304346680641174,0.7286073565483093,0.0016634803032502532,0.0017869524890556931,0.013083321042358875,2.568721294403076,6.402482509613037,0.01657050846011586,20051001,USA
2006-01-01,0.6624791026115417,7422,0.034684304147958755,0.15651443600654602,0.532124400138855,0.09770635515451431,0.17897051572799683,0.4913187325000763,0.12210964411497116,0.12008016556501389,0.05037743225693703,0.137816920876503,0.04871644824743271,0.5721777081489563,0.18776871263980865,0.15411080420017242,0.08594278991222382,0.20038646459579468,0.03956829756498337,0.09161830693483353,0.006746295373886824,0.6556649208068848,0.3443351089954376,0.11228174716234207,0.11761590093374252,0.10607106238603592,0.02541753090918064,0.10959123075008392,0.07712339609861374,0.45189914107322693,0.723574161529541,0.0011050207540392876,0.001013315748423338,0.012295020744204521,2.5732479095458984,6.466829299926758,0.01615743879014287,20060101,USA
2006-04-01,0.671939492225647,7410,0.036659274250268936,0.15430468320846558,0.5315589308738708,0.10166489332914352,0.17581221461296082,0.4892995059490204,0.11935628205537796,0.11942698806524277,0.0492694228887558,0.1433396339416504,0.049736879765987396,0.5762275457382202,0.18545304238796234,0.1492769420146942,0.08904249966144562,0.20676825940608978,0.042759962379932404,0.09118929505348206,0.006591720040887594,0.669634997844696,0.33036500215530396,0.11555051058530807,0.1267005205154419,0.0902748852968216,0.016972051933407784,0.10473377257585526,0.061928749084472656,0.4838395118713379,0.7228879332542419,0.001080340356566012,0.0011391433654353023,0.012581674382090569,2.5289552211761475,6.605993270874023,0.015958665446799317,20060401,USA
2006-07-01,0.6766105890274048,7381,0.035041432827711105,0.15076568722724915,0.5301510095596313,0.10237530618906021,0.1816665530204773,0.48833826184272766,0.11174353957176208,0.12701036036014557,0.04925231635570526,0.14307135343551636,0.049955759197473526,0.5758528709411621,0.18658050894737244,0.15084071457386017,0.0867258757352829,0.20615649223327637,0.045041438192129135,0.09262210875749588,0.00655052624642849,0.6827908754348755,0.3172090947628021,0.11021344363689423,0.1301436573266983,0.09367209672927856,0.019788460806012154,0.0569867342710495,0.08557352423667908,0.5036221146583557,0.7271343469619751,0.0012891021324321628,0.0012641452485695481,0.01218742597848177,2.549906015396118,6.42230224609375,0.01582854068705003,20060701,USA
2006-10-01,0.6984764933586121,7335,0.036958958953619,0.1451098620891571,0.5351406931877136,0.1068350076675415,0.17595544457435608,0.4905109405517578,0.11500172317028046,0.11561168730258942,0.046932343393564224,0.15188772976398468,0.04911772534251213,0.5825017690658569,0.18243461847305298,0.1494366079568863,0.0856269970536232,0.20057423412799835,0.045749034732580185,0.09196293354034424,0.006410694681107998,0.6808425784111023,0.3191573917865753,0.11838018894195557,0.12175928801298141,0.08418780565261841,0.01951133832335472,0.0905250534415245,0.07915038615465164,0.4864859879016876,0.7235532402992249,0.001673012739047408,0.0015327652217820287,0.012189298868179321,2.6183483600616455,6.340476989746094,0.015185748264774137,20061001,USA
2007-01-01,0.6954934597015381,7314,0.034577470272779465,0.14233390986919403,0.5264086127281189,0.1186293214559555,0.17805072665214539,0.4882670044898987,0.11017105728387833,0.12302935123443604,0.050026796758174896,0.1501830518245697,0.04672994464635849,0.5772631764411926,0.18888124823570251,0.1487157940864563,0.08513979613780975,0.19250337779521942,0.04389931634068489,0.08995581418275833,0.0064281923696398735,0.6805785894393921,0.3194214105606079,0.12072880566120148,0.1203373372554779,0.1234063133597374,0.02687886171042919,0.0541219525039196,0.06174701824784279,0.4927797019481659,0.7190752625465393,0.0014890652382746339,0.0013600708916783333,0.011725234799087048,2.528679132461548,6.7172417640686035,0.015189783365387002,20070101,USA
2007-04-01,0.7013421654701233,7281,0.039543818682432175,0.13502702116966248,0.5244983434677124,0.123931385576725,0.17699941992759705,0.4802897572517395,0.10622219741344452,0.11534450948238373,0.05472348630428314,0.161541149020195,0.050038620829582214,0.5714662075042725,0.1906810998916626,0.14858116209506989,0.08927153050899506,0.2006554752588272,0.04504608362913132,0.08828648179769516,0.006283819209784269,0.6731723546981812,0.32682761549949646,0.12477962672710419,0.12150133401155472,0.10155874490737915,0.03314453735947609,0.061666086316108704,0.06500659137964249,0.49234309792518616,0.7162597179412842,0.0017888161819428205,0.0014591689687222242,0.012259121984243393,2.428588628768921,7.113158226013184,0.015071601907350428,20070401,USA
2007-07-01,0.7239457368850708,7239,0.03651118651032448,0.1289893388748169,0.5258628726005554,0.12624619901180267,0.18239040672779083,0.4784383475780487,0.09917327016592026,0.11222165822982788,0.053303271532058716,0.17555586993694305,0.04956824332475662,0.5604007244110107,0.19833683967590332,0.14833353459835052,0.0929289311170578,0.13678164780139923,0.04087015241384506,0.08570636808872223,0.0062730573117733,0.7449367642402649,0.2550632059574127,0.13119065761566162,0.16928333044052124,-0.028765002265572548,0.02439790777862072,0.06796439737081528,0.08692137897014618,0.5490072965621948,0.7170841693878174,0.0024645996745675802,0.0017117502866312861,0.012561919167637825,2.268460512161255,7.7696990966796875,0.017454662618555543,20070701,USA
2007-10-01,0.7390859127044678,7219,0.039170797914266586,0.1308061182498932,0.5356490612030029,0.12182052433490753,0.17255352437496185,0.48997563123703003,0.10377313941717148,0.09575239568948746,0.049609266221523285,0.17914287745952606,0.04837556555867195,0.554789662361145,0.20275592803955078,0.14936400949954987,0.09309039264917374,-0.006420574616640806,0.031068626791238785,0.08198831230401993,0.00643590884283185,0.8234953880310059,0.17650450766086578,0.28741830587387085,0.27561599016189575,-0.728453516960144,0.026758264750242233,0.09069722890853882,0.12372656166553497,0.9242371916770935,0.7201465368270874,0.0045525087043643,0.002404826460406184,0.014407787472009659,1.9087212085723877,9.429542541503906,0.021256322987370607,20071001,USA
2008-01-01,0.7621866464614868,7175,0.040139250457286835,0.12794561684131622,0.5272821187973022,0.13041837513446808,0.17421464622020721,0.483610063791275,0.1025007888674736,0.09486628323793411,0.05288298800587654,0.18070973455905914,0.05165601894259453,0.5508859157562256,0.20897316932678223,0.14754068851470947,0.09260024130344391,0.05182196944952011,0.029468553140759468,0.08420535176992416,0.006504087243229151,0.7577959895133972,0.2422039955854416,0.19675342738628387,0.19092173874378204,-0.18825119733810425,0.011298732832074165,0.06676995754241943,0.09614697098731995,0.6263603568077087,0.7208590507507324,0.005109426099807024,0.002700886921957135,0.016304215416312218,1.6666489839553833,10.296514511108398,0.025692308980121807,20080101,USA
2008-04-01,0.743257462978363,7137,0.04073913022875786,0.13543358445167542,0.527353823184967,0.12520277500152588,0.17127066850662231,0.4739576578140259,0.10316229611635208,0.09204693883657455,0.051645372062921524,0.18988248705863953,0.05549569055438042,0.5459557175636292,0.2071540206670761,0.14921431243419647,0.09767594933509827,-0.01668255589902401,0.020223181694746017,0.08898255974054337,0.006616206374019384,0.7084265351295471,0.2915734350681305,0.17214784026145935,0.1748189628124237,-0.06637535989284515,0.005081163719296455,0.08944761008024216,0.06222761422395706,0.5626521706581116,0.7276926040649414,0.006327474489808083,0.003482626285403967,0.019096091389656067,1.1744208335876465,13.251758575439453,0.02969273222440829,20080401,USA
2008-07-01,0.7610998153686523,7080,0.05319343879818916,0.1396801620721817,0.5203521847724915,0.11354659497737885,0.17322759330272675,0.4646863341331482,0.11251017451286316,0.0882190391421318,0.04465412721037865,0.19438473880290985,0.06399675458669662,0.5629242658615112,0.1987566500902176,0.14536461234092712,0.09295447915792465,-0.1390371024608612,0.011791493743658066,0.08676018565893173,0.006364698521792889,0.7427259087562561,0.2572740912437439,0.18187133967876434,0.2103409320116043,-0.12530268728733063,-0.011338147334754467,0.08746016025543213,0.05154905468225479,0.6054193377494812,0.6997226476669312,0.007223592139780521,0.004105308558791876,0.022656835615634918,1.5244354009628296,11.191208839416504,0.040104405082712354,20080701,USA
2008-10-01,0.8420255184173584,7022,0.07247594743967056,0.14179401099681854,0.5216907858848572,0.10544967651367188,0.15858955681324005,0.4921947121620178,0.1139376163482666,0.07530157268047333,0.04611622169613838,0.18871620297431946,0.05075646936893463,0.5694197416305542,0.20101359486579895,0.14725707471370697,0.08230958133935928,-0.21636179089546204,0.0020817192271351814,0.10265135020017624,0.006736454088240862,0.85772305727005,0.14227694272994995,0.3637459874153137,0.4313095211982727,-1.0192627906799316,-0.09195573627948761,-0.003827230539172888,0.09243330359458923,1.2275570631027222,0.6982107162475586,0.009478013962507248,0.005102647002786398,0.024293912574648857,0.8443899750709534,16.16324234008789,0.052255068478302094,20081001,USA
2009-01-01,0.8401399850845337,6978,0.07193611562252045,0.15046434104442596,0.5110602974891663,0.10189519822597504,0.16464407742023468,0.4829525053501129,0.11443197727203369,0.08355531841516495,0.04241049289703369,0.18912751972675323,0.05393053591251373,0.5807600021362305,0.19595812261104584,0.1407754272222519,0.0825064554810524,0.03914141654968262,0.017014244571328163,0.10679630190134048,0.006839363370090723,0.6180160045623779,0.38198402523994446,0.09277983754873276,0.11641482263803482,0.19104598462581635,-0.018838847056031227,0.0694345012307167,0.025359882041811943,0.5238038301467896,0.7122611403465271,0.008782560005784035,0.005437218118458986,0.027931269258260727,0.5289966464042664,23.600666046142578,0.06063115996566965,20090101,USA
2009-04-01,0.8317235708236694,6938,0.06594110280275345,0.1621231883764267,0.5065703988075256,0.09496891498565674,0.17039643228054047,0.49152418971061707,0.11890937387943268,0.08913138508796692,0.03641286492347717,0.1762647032737732,0.054383810609579086,0.5822572112083435,0.1906275451183319,0.14583925902843475,0.08127595484256744,0.03619328886270523,0.014728152193129063,0.11185239255428314,0.006856885273009539,0.5871378779411316,0.4128621220588684,0.09282127022743225,0.11244820803403854,0.10521522164344788,-0.0005044737481512129,0.08343818038702011,-0.001917337765917182,0.6084989309310913,0.7022523880004883,0.009774156846106052,0.006997727323323488,0.03099246881902218,0.7567130327224731,16.220016479492188,0.06543103025642547,20090401,USA
2009-07-01,0.8038197159767151,6855,0.07191380113363266,0.16409558057785034,0.4902852773666382,0.10140866041183472,0.1722967028617859,0.4955168068408966,0.11952395737171173,0.08852274715900421,0.041999705135822296,0.16451984643936157,0.05534834414720535,0.5838133096694946,0.1834011822938919,0.15117216110229492,0.08161334693431854,0.005593355279415846,0.011729296296834946,0.11606092005968094,0.006852446123957634,0.6152446866035461,0.38475537300109863,0.0913524255156517,0.13657738268375397,0.14042425155639648,-0.00014708205708302557,0.07284975796937943,0.01474726665765047,0.5441960096359253,0.6867680549621582,0.009220749139785767,0.007629178464412689,0.033010661602020264,1.0432847738265991,11.868048667907715,0.0632577682609118,20090701,USA
2009-10-01,0.7993627190589905,6785,0.07071904093027115,0.17274786531925201,0.4848277270793915,0.09571386873722076,0.17599152028560638,0.5042981505393982,0.12606646120548248,0.08199142664670944,0.03937423601746559,0.16105803847312927,0.05436677485704422,0.5851699709892273,0.17539431154727936,0.15504486858844757,0.08439084887504578,-0.019327938556671143,0.00889929011464119,0.11119207739830017,0.006794765591621399,0.6753395199775696,0.3246604800224304,0.14221099019050598,0.17179971933364868,0.018955765292048454,0.013037577271461487,0.21435153484344482,0.025108641013503075,0.4145357608795166,0.6856560707092285,0.009154397994279861,0.008098069578409195,0.035441987216472626,1.0301991701126099,12.56044864654541,0.055744191603164135,20091001,USA
2010-01-01,0.802841305732727,6719,0.07055661827325821,0.16621549427509308,0.4938918948173523,0.09567218273878098,0.17366382479667664,0.48502781987190247,0.11999530345201492,0.0867980420589447,0.04227527603507042,0.18172085285186768,0.05255119502544403,0.5504588484764099,0.16381067037582397,0.19939734041690826,0.08633314818143845,0.07867743074893951,0.015715446323156357,0.11227597296237946,0.007361306343227625,0.6155494451522827,0.3844505548477173,0.09873660653829575,0.11317179352045059,0.20931901037693024,0.003742113010957837,0.07030504941940308,4.341381645645015e-05,0.5046820044517517,0.6492020487785339,0.008213152177631855,0.008589650504291058,0.042043302208185196,1.2775784730911255,10.829965591430664,0.043406918479716346,20100101,USA
2010-04-01,0.7826085090637207,6623,0.07127568870782852,0.16576895117759705,0.49389779567718506,0.0918947383761406,0.17716281116008759,0.4873221814632416,0.12355411797761917,0.08510936796665192,0.04408901557326317,0.17358291149139404,0.054312802851200104,0.5481930375099182,0.16353899240493774,0.19728700816631317,0.09098094701766968,0.08077089488506317,0.01554136723279953,0.11698522418737411,0.007256448734551668,0.6382522583007812,0.36174777150154114,0.11614760011434555,0.13028718531131744,0.10300847142934799,0.005804481450468302,0.06208789348602295,0.0007125056581571698,0.5819518566131592,0.6472023129463196,0.0060263993218541145,0.007326320745050907,0.03850281238555908,1.0716235637664795,12.224034309387207,0.037765741069033645,20100401,USA
2010-07-01,0.7811844348907471,6570,0.06405502557754517,0.17436431348323822,0.4800396263599396,0.10315587371587753,0.1783851683139801,0.4819609522819519,0.127172589302063,0.09050609171390533,0.04756012186408043,0.16537511348724365,0.055801503360271454,0.5465725064277649,0.16280204057693481,0.19524596631526947,0.09537945687770844,0.04042127728462219,0.012177247554063797,0.12012828886508942,0.0070228674449026585,0.638876736164093,0.3611232340335846,0.12077939510345459,0.11923237144947052,0.11447986960411072,0.01690724678337574,0.04925604909658432,0.0003534814459271729,0.5789916515350342,0.6364309787750244,0.005152047611773014,0.006703482940793037,0.03740895912051201,1.04926598072052,12.362957000732422,0.03628326923193273,20100701,USA
2010-10-01,0.7737712860107422,6478,0.06448442488908768,0.17528125643730164,0.48529961705207825,0.10013560950756073,0.1747991144657135,0.4928151071071625,0.13660848140716553,0.08332687616348267,0.043188899755477905,0.15749506652355194,0.055353254079818726,0.5440201163291931,0.1649094969034195,0.19012115895748138,0.1009492352604866,0.05734836310148239,0.013467621989548206,0.12199822813272476,0.007036393973976374,0.6471660733222961,0.35283389687538147,0.13305239379405975,0.11679572612047195,0.06162523478269577,0.014188986271619797,0.06290528178215027,0.000598675396759063,0.6108337044715881,0.6418606042861938,0.0047617387026548386,0.006578163709491491,0.036160267889499664,1.19227135181427,10.732523918151855,0.033271232895685024,20101001,USA
2011-01-01,0.7945970296859741,6402,0.07197119295597076,0.17680330574512482,0.4716416895389557,0.10140415281057358,0.17817968130111694,0.4945683777332306,0.1405862271785736,0.08371829241514206,0.04562120512127876,0.15251223742961884,0.053228575736284256,0.5378996133804321,0.1704922467470169,0.18569763004779816,0.1059105172753334,0.09947340935468674,0.016483124345541,0.12384596467018127,0.006811905186623335,0.6168290972709656,0.3831709623336792,0.1258091926574707,0.10199315845966339,0.17528977990150452,0.018034866079688072,0.05561624467372894,0.0008350927964784205,0.522421658039093,0.632705569267273,0.0030923630110919476,0.005257782991975546,0.03388284519314766,1.2062841653823853,10.62673568725586,0.03116077011904934,20110101,USA
2011-04-01,0.7963322401046753,6359,0.08424083888530731,0.1745246946811676,0.4681101143360138,0.09532130509614944,0.17780303955078125,0.48960477113723755,0.15238820016384125,0.07921697199344635,0.04488964006304741,0.14664435386657715,0.058419689536094666,0.5310172438621521,0.17443865537643433,0.18379518389701843,0.11074893176555634,0.059524860233068466,0.013213525526225567,0.12469577044248581,0.006761956959962845,0.6682091355323792,0.33179089426994324,0.16561126708984375,0.13315066695213318,0.16814684867858887,0.030054358765482903,0.03805406019091606,0.0009883787715807557,0.46399441361427307,0.6251493692398071,0.002821221947669983,0.004606266040354967,0.032442253082990646,1.0952339172363281,11.672694206237793,0.027835483757840233,20110401,USA
2011-07-01,0.8011365532875061,6297,0.08069652318954468,0.17746946215629578,0.46527791023254395,0.09603959321975708,0.1805165410041809,0.4842457175254822,0.16539989411830902,0.07973962277173996,0.04598139226436615,0.1373298615217209,0.05914725735783577,0.5268377065658569,0.1789671778678894,0.1822916716337204,0.11190345883369446,0.12104260176420212,0.01726352982223034,0.12474153190851212,0.00661276513710618,0.6269615888595581,0.37303832173347473,0.1386996954679489,0.11805208772420883,0.10807707905769348,-0.0004777050344273448,-0.04144515097141266,0.00035646077594719827,0.6767375469207764,0.6212202906608582,0.002925978973507881,0.004154909867793322,0.030698325484991074,0.8027542233467102,15.656119346618652,0.028936740249493765,20110701,USA
2011-10-01,0.7967715263366699,6238,0.07751348614692688,0.1822807788848877,0.4758062958717346,0.0911511778831482,0.1732482761144638,0.48901692032814026,0.17998789250850677,0.0716179683804512,0.04029063135385513,0.13341328501701355,0.05868054926395416,0.5195512175559998,0.185659721493721,0.1810188889503479,0.11377018690109253,0.07625428587198257,0.013161787763237953,0.1261834055185318,0.006738038267940283,0.6578430533409119,0.34215694665908813,0.14760617911815643,0.13387279212474823,0.041377607733011246,0.0008296459564007819,0.058799274265766144,0.00030210515251383185,0.6172124147415161,0.6286244988441467,0.0028399783186614513,0.003929739817976952,0.02951546385884285,0.8751296401023865,14.093276023864746,0.03129860083830539,20111001,USA
2012-01-01,0.7889088988304138,6208,0.07989316433668137,0.19004644453525543,0.4683018624782562,0.09136705100536346,0.17039147019386292,0.502912163734436,0.16664458811283112,0.07735917717218399,0.038160622119903564,0.12729138135910034,0.06310702115297318,0.5343632698059082,0.18356671929359436,0.1705670952796936,0.11150290071964264,0.10811412334442139,0.015608341433107853,0.12927666306495667,0.0065878950990736485,0.6045413613319397,0.3954586982727051,0.11822927743196487,0.09894959628582001,0.1330568492412567,0.012639088556170464,0.06034885719418526,0.000878526596352458,0.5758978128433228,0.5890932679176331,0.002247291849926114,0.00347704254090786,0.028854265809059143,1.1102207899093628,11.197689056396484,0.030917690372684183,20120101,USA
2012-04-01,0.7890349626541138,6164,0.07837271690368652,0.18733926117420197,0.4752641022205353,0.08766122162342072,0.1713627129793167,0.5044705271720886,0.17076531052589417,0.07980705052614212,0.03882237896323204,0.11900229752063751,0.06378821283578873,0.5274702310562134,0.18711236119270325,0.17186574637889862,0.11355166882276535,0.11222151666879654,0.015225318260490894,0.12691523134708405,0.006509334780275822,0.6060727834701538,0.3939271867275238,0.12501509487628937,0.10357693582773209,0.07788118720054626,0.010075075551867485,0.027457334101200104,0.0005912621854804456,0.6554030776023865,0.5956766605377197,0.0020247348584234715,0.003001672448590398,0.026068173348903656,1.0142484903335571,12.252833366394043,0.03106437040040023,20120401,USA
2012-07-01,0.7902304530143738,6110,0.07672996819019318,0.1881430447101593,0.47361689805984497,0.0898488461971283,0.17166124284267426,0.5044077634811401,0.17709660530090332,0.07769174128770828,0.0375833623111248,0.11699095368385315,0.06578148901462555,0.5234531760215759,0.18787692487239838,0.1718491017818451,0.11682078242301941,0.10964854061603546,0.014425359666347504,0.12790091335773468,0.006489139515906572,0.6076447367668152,0.39235520362854004,0.12576302886009216,0.10808276385068893,0.11560197174549103,0.003585144178941846,0.040300432592630386,0.0030847410671412945,0.603581964969635,0.5919457077980042,0.0021089280489832163,0.0032920697703957558,0.02422427386045456,1.07745361328125,11.556035995483398,0.027640840645452136,20120701,USA
2012-10-01,0.8063538074493408,6036,0.08083618432283401,0.18820972740650177,0.4750359058380127,0.08804558217525482,0.1678725779056549,0.5082138776779175,0.1848064512014389,0.07549034059047699,0.034661971032619476,0.11609578132629395,0.06133859604597092,0.5148307085037231,0.19216309487819672,0.1689470410346985,0.12405914068222046,0.10400062799453735,0.01363183930516243,0.1278369426727295,0.00641397712752223,0.6106835007667542,0.38931652903556824,0.12806099653244019,0.10900535434484482,0.07922826707363129,0.013765593990683556,0.0156982634216547,0.0021873507648706436,0.6520541310310364,0.5936524271965027,0.002110722940415144,0.0026660088915377855,0.023194586858153343,1.1273174285888672,11.140165328979492,0.022514367675798976,20121001,USA
2013-01-01,0.8070022463798523,5984,0.08829790353775024,0.18767671287059784,0.4730513095855713,0.08838274329900742,0.1625913381576538,0.5162371397018433,0.17795872688293457,0.07396627962589264,0.036324210464954376,0.11706347018480301,0.05983686074614525,0.5150138139724731,0.1920715719461441,0.16385012865066528,0.12906445562839508,0.11947671324014664,0.01450956892222166,0.12476155906915665,0.006354151759296656,0.5774576663970947,0.4225423336029053,0.1192341148853302,0.0933016911149025,0.1591421663761139,-0.0016531101427972317,0.04952613264322281,0.0022037182934582233,0.5782452821731567,0.621995747089386,0.001511074136942625,0.0023755740839987993,0.02182387188076973,1.210525393486023,10.214313507080078,0.021114232823199117,20130101,USA
2013-04-01,0.8148610591888428,5917,0.0918642058968544,0.18410883843898773,0.4747205972671509,0.08332649618387222,0.16597984731197357,0.5151588916778564,0.17861002683639526,0.07319608330726624,0.037308141589164734,0.11619705706834793,0.061994150280952454,0.50811368227005,0.19423319399356842,0.1651155650615692,0.1325375884771347,0.13860651850700378,0.015934262424707413,0.12495490908622742,0.00631408765912056,0.5714478492736816,0.42855218052864075,0.12442012131214142,0.09386993199586868,0.1162903904914856,0.010035467334091663,0.06922450661659241,0.0007352833636105061,0.5854243040084839,0.6273936629295349,0.0011326366802677512,0.002035712357610464,0.020847877487540245,1.2957727909088135,9.526994705200195,0.01936255344942749,20130401,USA
2013-07-01,0.8194882273674011,5874,0.10347698628902435,0.18332388997077942,0.47277548909187317,0.07971446961164474,0.1607091873884201,0.5186020135879517,0.18483848869800568,0.06793981790542603,0.03680627793073654,0.1147615909576416,0.05951286479830742,0.5044611692428589,0.1959589719772339,0.16627757251262665,0.13330231606960297,0.09859045594930649,0.01262931153178215,0.12637323141098022,0.006272986996918917,0.6023462414741516,0.3976537585258484,0.1389709711074829,0.11077781021595001,0.09409616142511368,0.013305703178048134,0.039665061980485916,0.001651189522817731,0.6015331149101257,0.6231235265731812,0.0007027483661659062,0.0016643088310956955,0.01969553530216217,1.3076469898223877,9.42939281463623,0.01861394732987289,20130701,USA
2013-10-01,0.8265162706375122,5815,0.10477422922849655,0.1851332187652588,0.47601237893104553,0.07795766741037369,0.15612250566482544,0.5251728296279907,0.18802733719348907,0.060950640588998795,0.03393552824854851,0.1176031082868576,0.05679713934659958,0.4982535243034363,0.19597752392292023,0.1682983636856079,0.13747060298919678,0.11551029235124588,0.013822417706251144,0.12694597244262695,0.006389325018972158,0.6056155562400818,0.3943844437599182,0.14465419948101044,0.10813608020544052,0.04272514209151268,0.01086075883358717,0.059547059237957,0.0009738616063259542,0.6331028938293457,0.6289332509040833,0.0009126498480327427,0.0016751125222072005,0.018562812358140945,1.4235082864761353,8.62562370300293,0.017847376921682315,20131001,USA
2014-01-01,0.8395984768867493,5743,0.11000107228755951,0.1854737401008606,0.4693673849105835,0.07545366138219833,0.15970414876937866,0.521605908870697,0.18800660967826843,0.062661312520504,0.034806106239557266,0.1178586408495903,0.05798935145139694,0.498081237077713,0.20096829533576965,0.16409441828727722,0.13685603439807892,0.10834433883428574,0.013145431876182556,0.12940716743469238,0.006147347390651703,0.5803751349449158,0.41962486505508423,0.13310320675373077,0.09570375084877014,0.14349935948848724,0.015610787086188793,0.022860679775476456,0.0010080387583002448,0.5882141590118408,0.6282876133918762,0.0010034358128905296,0.0014814019668847322,0.01779293455183506,1.4322586059570312,8.45372486114502,0.0172600723979461,20140101,USA
2014-04-01,0.8457414507865906,5694,0.11136520653963089,0.18585552275180817,0.4703315794467926,0.07681448757648468,0.15563319623470306,0.5152662396430969,0.19347283244132996,0.06243780255317688,0.034379832446575165,0.11929205060005188,0.058248791843652725,0.4917314350605011,0.2035903036594391,0.1641719937324524,0.14050625264644623,0.10147885978221893,0.012790095061063766,0.13089604675769806,0.006054785568267107,0.5840290784835815,0.41597089171409607,0.13649941980838776,0.1005517840385437,0.12059527635574341,0.0033481065183877945,0.031247809529304504,0.0008837545174174011,0.6068738698959351,0.6264808773994446,0.0008790183928795159,0.0013945336686447263,0.017136644572019577,1.3756319284439087,8.68636417388916,0.01682380806782284,20140401,USA
2014-07-01,0.8450214266777039,5637,0.10917182266712189,0.18969079852104187,0.4704744219779968,0.07779929786920547,0.15286366641521454,0.5124343037605286,0.19596870243549347,0.06028779596090317,0.036242030560970306,0.1200159415602684,0.058406416326761246,0.4908450245857239,0.20452165603637695,0.1646699756383896,0.1399633288383484,0.10003820061683655,0.012381707318127155,0.13214635848999023,0.006188140716403723,0.5879653096199036,0.41203469038009644,0.14017952978610992,0.10904152691364288,0.10565871000289917,0.012481297366321087,0.03262586519122124,0.0011403419775888324,0.598872721195221,0.6294589638710022,0.0009249017457477748,0.0012469480279833078,0.016309652477502823,1.3718525171279907,8.594362258911133,0.01607618892715415,20140701,USA
2014-10-01,0.837321400642395,5573,0.1134980171918869,0.19053710997104645,0.4714314937591553,0.0778956338763237,0.14663775265216827,0.514259934425354,0.19722099602222443,0.057916488498449326,0.03741820156574249,0.1199546828866005,0.05658292770385742,0.4866902828216553,0.2061014473438263,0.16548775136470795,0.14172051846981049,0.09894289076328278,0.012263942509889603,0.13293112814426422,0.006127350963652134,0.6076779961585999,0.39232197403907776,0.15386977791786194,0.11239106208086014,0.05064782500267029,0.012987202033400536,0.009652463719248772,0.0003700049710460007,0.660081684589386,0.6286121606826782,0.0010145774576812983,0.0013333045644685626,0.015817483887076378,1.4162037372589111,8.326565742492676,0.016132669941078294,20141001,USA
2015-01-01,0.8567436933517456,5502,0.11713054776191711,0.19018518924713135,0.4628925621509552,0.07926331460475922,0.15052837133407593,0.5104370713233948,0.2020856887102127,0.05926893278956413,0.03945585712790489,0.11588021367788315,0.05643022060394287,0.4799942970275879,0.21064522862434387,0.16391059756278992,0.14544989168643951,0.11605733633041382,0.013703888282179832,0.12757651507854462,0.005877431482076645,0.5712242722511292,0.4287756681442261,0.1349477618932724,0.09441771358251572,0.13660572469234467,0.0036162303294986486,0.016940860077738762,0.0006151525885798037,0.6128565669059753,0.6785448789596558,0.0010451888665556908,0.001305388635955751,0.014805302023887634,1.3488093614578247,8.679559707641602,0.015173630079126962,20150101,USA
2015-04-01,0.8416099548339844,5441,0.10885237157344818,0.19183732569217682,0.4745783805847168,0.07533027231693268,0.14940164983272552,0.508202850818634,0.20687349140644073,0.05993501469492912,0.035483065992593765,0.11770568788051605,0.05520099401473999,0.4760921895503998,0.21209365129470825,0.16423092782497406,0.1475832462310791,0.12321459501981735,0.014665601775050163,0.12957122921943665,0.00605203490704298,0.5795937776565552,0.4204062223434448,0.14196465909481049,0.10099678486585617,0.1050349548459053,0.0027616966981440783,0.0542842335999012,0.0012742193648591638,0.5936834812164307,0.6835691928863525,0.0009936377173289657,0.0011549004120752215,0.014950498938560486,1.4098623991012573,8.148581504821777,0.014816393192710556,20150401,USA
2015-07-01,0.831565797328949,5381,0.10329583287239075,0.19369307160377502,0.48000818490982056,0.07211654633283615,0.15088634192943573,0.5140506029129028,0.20357123017311096,0.05761006474494934,0.03555520996451378,0.11549721658229828,0.056657902896404266,0.4763120412826538,0.21117378771305084,0.16475965082645416,0.14775453507900238,0.11879631131887436,0.01444422360509634,0.13080602884292603,0.006075918674468994,0.5925893187522888,0.4074106812477112,0.145512655377388,0.10987067967653275,0.09647960215806961,0.009982126764953136,0.008512544445693493,0.0008570568170398474,0.6287853121757507,0.6861798167228699,0.0010062720393761992,0.0011104949517175555,0.014402986504137516,1.2612779140472412,8.859554290771484,0.015596428745123136,20150701,USA
2015-10-01,0.8449951410293579,5309,0.10017172992229462,0.19523082673549652,0.49234339594841003,0.06689277291297913,0.1453612595796585,0.5245502591133118,0.20526808500289917,0.05147162452340126,0.031696077436208725,0.11652752012014389,0.05391843616962433,0.4703480005264282,0.20947493612766266,0.17314566671848297,0.14703141152858734,0.09908626973628998,0.013161739334464073,0.1321600377559662,0.006086056120693684,0.6040277481079102,0.39597225189208984,0.1453939527273178,0.11236756294965744,0.05972825735807419,0.006181514356285334,0.04055311158299446,0.0004206678131595254,0.6353549361228943,0.68924880027771,0.0013957532355561852,0.0014536320231854916,0.014653327874839306,1.3031483888626099,8.503867149353027,0.015987771172205723,20151001,USA
2016-01-01,0.8543835878372192,5260,0.10183344781398773,0.19216696918010712,0.48758596181869507,0.06932330876588821,0.14909033477306366,0.526064395904541,0.20104965567588806,0.05355723574757576,0.035561077296733856,0.11449940502643585,0.052522458136081696,0.4702794849872589,0.21618391573429108,0.16842083632946014,0.14511576294898987,0.10075695812702179,0.013356885872781277,0.13195180892944336,0.006187153048813343,0.6130409836769104,0.386959046125412,0.14256978034973145,0.11241025477647781,0.11726254224777222,0.006238237489014864,0.002338057616725564,0.00018568619270808995,0.6189954280853271,0.6809204816818237,0.001553913694806397,0.001315454370342195,0.014309408143162727,1.1388397216796875,9.721611976623535,0.016966144531308444,20160101,USA
2016-04-01,0.855634868144989,5210,0.09796842932701111,0.1916559636592865,0.4907589852809906,0.06983676552772522,0.14977985620498657,0.519762396812439,0.20205232501029968,0.05250631272792816,0.036479245871305466,0.11820422112941742,0.05462595820426941,0.4690006375312805,0.21395283937454224,0.1701093167066574,0.14693722128868103,0.11062810570001602,0.014216695912182331,0.13259665668010712,0.006149777676910162,0.6018791198730469,0.3981209695339203,0.14029040932655334,0.10815753787755966,0.1358977109193802,-0.00037312900531105697,0.005327605176717043,0.00026656550471670926,0.6104332804679871,0.6789379715919495,0.0014284467324614525,0.001275232876650989,0.014207805506885052,1.1322768926620483,9.749200820922852,0.017815028971684792,20160401,USA
2016-07-01,0.8533550500869751,5141,0.09982339292764664,0.19353368878364563,0.4898698329925537,0.06809524446725845,0.14867784082889557,0.5219053626060486,0.20531512796878815,0.052007079124450684,0.033623822033405304,0.117082379758358,0.054391391575336456,0.46820998191833496,0.21310216188430786,0.17065398395061493,0.14803387224674225,0.11869482696056366,0.014918027445673943,0.1334623247385025,0.006381460931152105,0.6064567565917969,0.3935432434082031,0.13859087228775024,0.10882051289081573,0.1366422027349472,0.003505478845909238,0.02473125047981739,0.001511263195425272,0.5861983895301819,0.672020435333252,0.0013300873106345534,0.001225645188242197,0.0138976089656353,1.188513159751892,9.367976188659668,0.016985465551311765,20160701,USA
2016-10-01,0.8445385098457336,5083,0.09396515786647797,0.1976938098669052,0.49548351764678955,0.06669869273900986,0.14615878462791443,0.5315968990325928,0.20376473665237427,0.04807303845882416,0.03244553133845329,0.11824750155210495,0.05089268460869789,0.4674619734287262,0.2107955366373062,0.17392204701900482,0.14782042801380157,0.10643081367015839,0.013863295316696167,0.1337733119726181,0.006405857857316732,0.6309707164764404,0.3690292537212372,0.15369950234889984,0.12036769092082977,0.0905204638838768,0.002595695434138179,0.06269778311252594,0.0006436259136535227,0.5694752335548401,0.6769757866859436,0.0013693481450900435,0.001382074668072164,0.013579044491052628,1.516447901725769,7.495182514190674,0.017341322521404943,20161001,USA
2017-01-01,0.8461998105049133,5033,0.10329534858465195,0.19564121961593628,0.488829642534256,0.06911933422088623,0.14311446249485016,0.5366690158843994,0.2005813866853714,0.04987107589840889,0.032784558832645416,0.11729934811592102,0.04861755669116974,0.46979957818984985,0.21500948071479797,0.16873417794704437,0.1464567631483078,0.11274093389511108,0.014921425841748714,0.13455240428447723,0.006383261643350124,0.6190502047538757,0.38094979524612427,0.1419866532087326,0.10860876739025116,0.14339737594127655,0.0062544080428779125,0.026479599997401237,0.000895616365596652,0.5723775625228882,0.666388213634491,0.0014198365388438106,0.0013875619042664766,0.01356692984700203,1.5129188299179077,7.58347749710083,0.01664611218083419,20170101,USA
2017-04-01,0.8397060036659241,4982,0.09857035428285599,0.1944950371980667,0.4921589195728302,0.07105325907468796,0.14372242987155914,0.5323847532272339,0.2002526819705963,0.05015555024147034,0.03205902874469757,0.12083588540554047,0.05070943757891655,0.4662991464138031,0.21453984081745148,0.1692584902048111,0.14990252256393433,0.1191302239894867,0.016054712235927582,0.13586637377738953,0.0064614564180374146,0.6227456331253052,0.3772544264793396,0.14420129358768463,0.10796281695365906,0.13677553832530975,0.005135688930749893,0.017341362312436104,0.001328775193542242,0.587254524230957,0.6653391122817993,0.0013382317265495658,0.0012883332092314959,0.013496779836714268,1.5260204076766968,7.476818084716797,0.016134733520300547,20170401,USA
2017-07-01,0.8446710109710693,4942,0.10089273750782013,0.19369690120220184,0.49247828125953674,0.07110448181629181,0.14182759821414948,0.5331937670707703,0.19789956510066986,0.049941133707761765,0.03181317448616028,0.12180043011903763,0.05190744251012802,0.4652878940105438,0.21402032673358917,0.17074573040008545,0.14994606375694275,0.11832374334335327,0.01660783216357231,0.13577578961849213,0.006584448274224997,0.6362951993942261,0.3637048006057739,0.1465531438589096,0.1113906130194664,0.11743800342082977,0.003935086075216532,0.018942078575491905,0.001451851218007505,0.6002892255783081,0.6634880900382996,0.001547057181596756,0.0012972125550732017,0.013572338037192822,1.5801798105239868,7.282242298126221,0.01646588721355155,20170701,USA
2017-10-01,0.8469451665878296,4889,0.09856892377138138,0.19428879022598267,0.4986037313938141,0.06772072613239288,0.1408178210258484,0.538457989692688,0.1990424543619156,0.048288650810718536,0.030103225260972977,0.12160331010818481,0.04951762408018112,0.4606064558029175,0.21326643228530884,0.17346297204494476,0.1526641547679901,0.02907666750252247,0.008715188130736351,0.13336484134197235,0.00663007004186511,0.6515193581581116,0.3484806418418884,0.15622356534004211,0.11597488075494766,0.08213581144809723,0.009520447812974453,0.020386504009366035,0.0008248020312748849,0.614933967590332,0.6647712588310242,0.0014752437127754092,0.0014597716508433223,0.013385546393692493,1.71405827999115,6.90285062789917,0.015605006647046645,20171001,USA
2018-01-01,0.8330537676811218,4852,0.10022183507680893,0.18914730846881866,0.4929613471031189,0.06922409683465958,0.14844541251659393,0.5405539274215698,0.19641603529453278,0.04951833188533783,0.03343154489994049,0.11865486204624176,0.049014151096343994,0.4626164138317108,0.21730022132396698,0.1671207696199417,0.15296262502670288,0.14080387353897095,0.019271530210971832,0.13069342076778412,0.006585677620023489,0.6349231004714966,0.3650769293308258,0.14758247137069702,0.10125938057899475,0.12765485048294067,0.008462337777018547,0.03476780652999878,0.001047588186338544,0.5792255401611328,0.6683745384216309,0.0012779291719198227,0.0013378281146287918,0.01313953846693039,1.6721744537353516,7.163136959075928,0.015534399621487695,20180101,USA
2018-04-01,0.8245922327041626,4806,0.09314988553524017,0.19122323393821716,0.4968997836112976,0.0705684944987297,0.14815859496593475,0.5375731587409973,0.1939871907234192,0.052142202854156494,0.033559586852788925,0.12103009968996048,0.04979792609810829,0.4611351490020752,0.2181532382965088,0.16695526242256165,0.15375635027885437,0.14272001385688782,0.02048201858997345,0.1314917951822281,0.006698412820696831,0.6503399610519409,0.3496600389480591,0.1501186043024063,0.10423927754163742,0.1214086189866066,0.007613449823111296,0.024721376597881317,0.0003704135597217828,0.5915282368659973,0.6713137030601501,0.0012585162185132504,0.0012884922325611115,0.013029523193836212,1.6320257186889648,7.244270324707031,0.014807699695324045,20180401,USA
2018-07-01,0.8135694265365601,4746,0.09370490163564682,0.19052265584468842,0.48898231983184814,0.07276664674282074,0.1540234535932541,0.5381724238395691,0.18632318079471588,0.053430940955877304,0.035537704825401306,0.12206759303808212,0.05269159376621246,0.44843921065330505,0.22006091475486755,0.17488744854927063,0.15661242604255676,0.14716264605522156,0.021641133353114128,0.1303279548883438,0.006786322686821222,0.6641762256622314,0.33582377433776855,0.15862011909484863,0.10692213475704193,0.11483842134475708,0.006077752914279699,0.02452234737575054,0.0009890398941934109,0.5880301594734192,0.666139543056488,0.001217289362102747,0.0011981100542470813,0.012331129051744938,1.6445139646530151,7.290178298950195,0.013794691737730243,20180701,USA
2018-10-01,0.8185981512069702,4687,0.08360522240400314,0.19323940575122833,0.493245929479599,0.07082138955593109,0.15908807516098022,0.547372579574585,0.18288922309875488,0.05377798154950142,0.03246832638978958,0.12224110215902328,0.049619682133197784,0.44090238213539124,0.22348374128341675,0.17579694092273712,0.1598169356584549,0.14013642072677612,0.021970432251691818,0.1300359070301056,0.006823883391916752,0.6912218928337097,0.3087781071662903,0.16718381643295288,0.1153920441865921,0.04701727628707886,0.0038431601133197546,0.008390898816287518,0.0010819431627169251,0.6570908427238464,0.6602900624275208,0.001484747277572751,0.0013913095463067293,0.012937648221850395,1.3467798233032227,8.759319305419922,0.015501531354295781,20181001,USA
2019-01-01,0.8186588883399963,4652,,,,,,,,,,,,,,,,,,,,,,,,,,,,,,,,,,,,20190101,USA
