observation_date,usrec,date_key
1854-12-01,1,18541201
1855-01-01,0,18550101
1855-02-01,0,18550201
1855-03-01,0,18550301
1855-04-01,0,18550401
1855-05-01,0,18550501
1855-06-01,0,18550601
1855-07-01,0,18550701
1855-08-01,0,18550801
1855-09-01,0,18550901
1855-10-01,0,18551001
1855-11-01,0,18551101
1855-12-01,0,18551201
1856-01-01,0,18560101
1856-02-01,0,18560201
1856-03-01,0,18560301
1856-04-01,0,18560401
1856-05-01,0,18560501
1856-06-01,0,18560601
1856-07-01,0,18560701
1856-08-01,0,18560801
1856-09-01,0,18560901
1856-10-01,0,18561001
1856-11-01,0,18561101
1856-12-01,0,18561201
1857-01-01,0,18570101
1857-02-01,0,18570201
1857-03-01,0,18570301
1857-04-01,0,18570401
1857-05-01,0,18570501
1857-06-01,0,18570601
1857-07-01,1,18570701
1857-08-01,1,18570801
1857-09-01,1,18570901
1857-10-01,1,18571001
1857-11-01,1,18571101
1857-12-01,1,18571201
1858-01-01,1,18580101
1858-02-01,1,18580201
1858-03-01,1,18580301
1858-04-01,1,18580401
1858-05-01,1,18580501
1858-06-01,1,18580601
1858-07-01,1,18580701
1858-08-01,1,18580801
1858-09-01,1,18580901
1858-10-01,1,18581001
1858-11-01,1,18581101
1858-12-01,1,18581201
1859-01-01,0,18590101
1859-02-01,0,18590201
1859-03-01,0,18590301
1859-04-01,0,18590401
1859-05-01,0,18590501
1859-06-01,0,18590601
1859-07-01,0,18590701
1859-08-01,0,18590801
1859-09-01,0,18590901
1859-10-01,0,18591001
1859-11-01,0,18591101
1859-12-01,0,18591201
1860-01-01,0,18600101
1860-02-01,0,18600201
1860-03-01,0,18600301
1860-04-01,0,18600401
1860-05-01,0,18600501
1860-06-01,0,18600601
1860-07-01,0,18600701
1860-08-01,0,18600801
1860-09-01,0,18600901
1860-10-01,0,18601001
1860-11-01,1,18601101
1860-12-01,1,18601201
1861-01-01,1,18610101
1861-02-01,1,18610201
1861-03-01,1,18610301
1861-04-01,1,18610401
1861-05-01,1,18610501
1861-06-01,1,18610601
1861-07-01,0,18610701
1861-08-01,0,18610801
1861-09-01,0,18610901
1861-10-01,0,18611001
1861-11-01,0,18611101
1861-12-01,0,18611201
1862-01-01,0,18620101
1862-02-01,0,18620201
1862-03-01,0,18620301
1862-04-01,0,18620401
1862-05-01,0,18620501
1862-06-01,0,18620601
1862-07-01,0,18620701
1862-08-01,0,18620801
1862-09-01,0,18620901
1862-10-01,0,18621001
1862-11-01,0,18621101
1862-12-01,0,18621201
1863-01-01,0,18630101
1863-02-01,0,18630201
1863-03-01,0,18630301
1863-04-01,0,18630401
1863-05-01,0,18630501
1863-06-01,0,18630601
1863-07-01,0,18630701
1863-08-01,0,18630801
1863-09-01,0,18630901
1863-10-01,0,18631001
1863-11-01,0,18631101
1863-12-01,0,18631201
1864-01-01,0,18640101
1864-02-01,0,18640201
1864-03-01,0,18640301
1864-04-01,0,18640401
1864-05-01,0,18640501
1864-06-01,0,18640601
1864-07-01,0,18640701
1864-08-01,0,18640801
1864-09-01,0,18640901
1864-10-01,0,18641001
1864-11-01,0,18641101
1864-12-01,0,18641201
1865-01-01,0,18650101
1865-02-01,0,18650201
1865-03-01,0,18650301
1865-04-01,0,18650401
1865-05-01,1,18650501
1865-06-01,1,18650601
1865-07-01,1,18650701
1865-08-01,1,18650801
1865-09-01,1,18650901
1865-10-01,1,18651001
1865-11-01,1,18651101
1865-12-01,1,18651201
1866-01-01,1,18660101
1866-02-01,1,18660201
1866-03-01,1,18660301
1866-04-01,1,18660401
1866-05-01,1,18660501
1866-06-01,1,18660601
1866-07-01,1,18660701
1866-08-01,1,18660801
1866-09-01,1,18660901
1866-10-01,1,18661001
1866-11-01,1,18661101
1866-12-01,1,18661201
1867-01-01,1,18670101
1867-02-01,1,18670201
1867-03-01,1,18670301
1867-04-01,1,18670401
1867-05-01,1,18670501
1867-06-01,1,18670601
1867-07-01,1,18670701
1867-08-01,1,18670801
1867-09-01,1,18670901
1867-10-01,1,18671001
1867-11-01,1,18671101
1867-12-01,1,18671201
1868-01-01,0,18680101
1868-02-01,0,18680201
1868-03-01,0,18680301
1868-04-01,0,18680401
1868-05-01,0,18680501
1868-06-01,0,18680601
1868-07-01,0,18680701
1868-08-01,0,18680801
1868-09-01,0,18680901
1868-10-01,0,18681001
1868-11-01,0,18681101
1868-12-01,0,18681201
1869-01-01,0,18690101
1869-02-01,0,18690201
1869-03-01,0,18690301
1869-04-01,0,18690401
1869-05-01,0,18690501
1869-06-01,0,18690601
1869-07-01,1,18690701
1869-08-01,1,18690801
1869-09-01,1,18690901
1869-10-01,1,18691001
1869-11-01,1,18691101
1869-12-01,1,18691201
1870-01-01,1,18700101
1870-02-01,1,18700201
1870-03-01,1,18700301
1870-04-01,1,18700401
1870-05-01,1,18700501
1870-06-01,1,18700601
1870-07-01,1,18700701
1870-08-01,1,18700801
1870-09-01,1,18700901
1870-10-01,1,18701001
1870-11-01,1,18701101
1870-12-01,1,18701201
1871-01-01,0,18710101
1871-02-01,0,18710201
1871-03-01,0,18710301
1871-04-01,0,18710401
1871-05-01,0,18710501
1871-06-01,0,18710601
1871-07-01,0,18710701
1871-08-01,0,18710801
1871-09-01,0,18710901
1871-10-01,0,18711001
1871-11-01,0,18711101
1871-12-01,0,18711201
1872-01-01,0,18720101
1872-02-01,0,18720201
1872-03-01,0,18720301
1872-04-01,0,18720401
1872-05-01,0,18720501
1872-06-01,0,18720601
1872-07-01,0,18720701
1872-08-01,0,18720801
1872-09-01,0,18720901
1872-10-01,0,18721001
1872-11-01,0,18721101
1872-12-01,0,18721201
1873-01-01,0,18730101
1873-02-01,0,18730201
1873-03-01,0,18730301
1873-04-01,0,18730401
1873-05-01,0,18730501
1873-06-01,0,18730601
1873-07-01,0,18730701
1873-08-01,0,18730801
1873-09-01,0,18730901
1873-10-01,0,18731001
1873-11-01,1,18731101
1873-12-01,1,18731201
1874-01-01,1,18740101
1874-02-01,1,18740201
1874-03-01,1,18740301
1874-04-01,1,18740401
1874-05-01,1,18740501
1874-06-01,1,18740601
1874-07-01,1,18740701
1874-08-01,1,18740801
1874-09-01,1,18740901
1874-10-01,1,18741001
1874-11-01,1,18741101
1874-12-01,1,18741201
1875-01-01,1,18750101
1875-02-01,1,18750201
1875-03-01,1,18750301
1875-04-01,1,18750401
1875-05-01,1,18750501
1875-06-01,1,18750601
1875-07-01,1,18750701
1875-08-01,1,18750801
1875-09-01,1,18750901
1875-10-01,1,18751001
1875-11-01,1,18751101
1875-12-01,1,18751201
1876-01-01,1,18760101
1876-02-01,1,18760201
1876-03-01,1,18760301
1876-04-01,1,18760401
1876-05-01,1,18760501
1876-06-01,1,18760601
1876-07-01,1,18760701
1876-08-01,1,18760801
1876-09-01,1,18760901
1876-10-01,1,18761001
1876-11-01,1,18761101
1876-12-01,1,18761201
1877-01-01,1,18770101
1877-02-01,1,18770201
1877-03-01,1,18770301
1877-04-01,1,18770401
1877-05-01,1,18770501
1877-06-01,1,18770601
1877-07-01,1,18770701
1877-08-01,1,18770801
1877-09-01,1,18770901
1877-10-01,1,18771001
1877-11-01,1,18771101
1877-12-01,1,18771201
1878-01-01,1,18780101
1878-02-01,1,18780201
1878-03-01,1,18780301
1878-04-01,1,18780401
1878-05-01,1,18780501
1878-06-01,1,18780601
1878-07-01,1,18780701
1878-08-01,1,18780801
1878-09-01,1,18780901
1878-10-01,1,18781001
1878-11-01,1,18781101
1878-12-01,1,18781201
1879-01-01,1,18790101
1879-02-01,1,18790201
1879-03-01,1,18790301
1879-04-01,0,18790401
1879-05-01,0,18790501
1879-06-01,0,18790601
1879-07-01,0,18790701
1879-08-01,0,18790801
1879-09-01,0,18790901
1879-10-01,0,18791001
1879-11-01,0,18791101
1879-12-01,0,18791201
1880-01-01,0,18800101
1880-02-01,0,18800201
1880-03-01,0,18800301
1880-04-01,0,18800401
1880-05-01,0,18800501
1880-06-01,0,18800601
1880-07-01,0,18800701
1880-08-01,0,18800801
1880-09-01,0,18800901
1880-10-01,0,18801001
1880-11-01,0,18801101
1880-12-01,0,18801201
1881-01-01,0,18810101
1881-02-01,0,18810201
1881-03-01,0,18810301
1881-04-01,0,18810401
1881-05-01,0,18810501
1881-06-01,0,18810601
1881-07-01,0,18810701
1881-08-01,0,18810801
1881-09-01,0,18810901
1881-10-01,0,18811001
1881-11-01,0,18811101
1881-12-01,0,18811201
1882-01-01,0,18820101
1882-02-01,0,18820201
1882-03-01,0,18820301
1882-04-01,1,18820401
1882-05-01,1,18820501
1882-06-01,1,18820601
1882-07-01,1,18820701
1882-08-01,1,18820801
1882-09-01,1,18820901
1882-10-01,1,18821001
1882-11-01,1,18821101
1882-12-01,1,18821201
1883-01-01,1,18830101
1883-02-01,1,18830201
1883-03-01,1,18830301
1883-04-01,1,18830401
1883-05-01,1,18830501
1883-06-01,1,18830601
1883-07-01,1,18830701
1883-08-01,1,18830801
1883-09-01,1,18830901
1883-10-01,1,18831001
1883-11-01,1,18831101
1883-12-01,1,18831201
1884-01-01,1,18840101
1884-02-01,1,18840201
1884-03-01,1,18840301
1884-04-01,1,18840401
1884-05-01,1,18840501
1884-06-01,1,18840601
1884-07-01,1,18840701
1884-08-01,1,18840801
1884-09-01,1,18840901
1884-10-01,1,18841001
1884-11-01,1,18841101
1884-12-01,1,18841201
1885-01-01,1,18850101
1885-02-01,1,18850201
1885-03-01,1,18850301
1885-04-01,1,18850401
1885-05-01,1,18850501
1885-06-01,0,18850601
1885-07-01,0,18850701
1885-08-01,0,18850801
1885-09-01,0,18850901
1885-10-01,0,18851001
1885-11-01,0,18851101
1885-12-01,0,18851201
1886-01-01,0,18860101
1886-02-01,0,18860201
1886-03-01,0,18860301
1886-04-01,0,18860401
1886-05-01,0,18860501
1886-06-01,0,18860601
1886-07-01,0,18860701
1886-08-01,0,18860801
1886-09-01,0,18860901
1886-10-01,0,18861001
1886-11-01,0,18861101
1886-12-01,0,18861201
1887-01-01,0,18870101
1887-02-01,0,18870201
1887-03-01,0,18870301
1887-04-01,1,18870401
1887-05-01,1,18870501
1887-06-01,1,18870601
1887-07-01,1,18870701
1887-08-01,1,18870801
1887-09-01,1,18870901
1887-10-01,1,18871001
1887-11-01,1,18871101
1887-12-01,1,18871201
1888-01-01,1,18880101
1888-02-01,1,18880201
1888-03-01,1,18880301
1888-04-01,1,18880401
1888-05-01,0,18880501
1888-06-01,0,18880601
1888-07-01,0,18880701
1888-08-01,0,18880801
1888-09-01,0,18880901
1888-10-01,0,18881001
1888-11-01,0,18881101
1888-12-01,0,18881201
1889-01-01,0,18890101
1889-02-01,0,18890201
1889-03-01,0,18890301
1889-04-01,0,18890401
1889-05-01,0,18890501
1889-06-01,0,18890601
1889-07-01,0,18890701
1889-08-01,0,18890801
1889-09-01,0,18890901
1889-10-01,0,18891001
1889-11-01,0,18891101
1889-12-01,0,18891201
1890-01-01,0,18900101
1890-02-01,0,18900201
1890-03-01,0,18900301
1890-04-01,0,18900401
1890-05-01,0,18900501
1890-06-01,0,18900601
1890-07-01,0,18900701
1890-08-01,1,18900801
1890-09-01,1,18900901
1890-10-01,1,18901001
1890-11-01,1,18901101
1890-12-01,1,18901201
1891-01-01,1,18910101
1891-02-01,1,18910201
1891-03-01,1,18910301
1891-04-01,1,18910401
1891-05-01,1,18910501
1891-06-01,0,18910601
1891-07-01,0,18910701
1891-08-01,0,18910801
1891-09-01,0,18910901
1891-10-01,0,18911001
1891-11-01,0,18911101
1891-12-01,0,18911201
1892-01-01,0,18920101
1892-02-01,0,18920201
1892-03-01,0,18920301
1892-04-01,0,18920401
1892-05-01,0,18920501
1892-06-01,0,18920601
1892-07-01,0,18920701
1892-08-01,0,18920801
1892-09-01,0,18920901
1892-10-01,0,18921001
1892-11-01,0,18921101
1892-12-01,0,18921201
1893-01-01,0,18930101
1893-02-01,1,18930201
1893-03-01,1,18930301
1893-04-01,1,18930401
1893-05-01,1,18930501
1893-06-01,1,18930601
1893-07-01,1,18930701
1893-08-01,1,18930801
1893-09-01,1,18930901
1893-10-01,1,18931001
1893-11-01,1,18931101
1893-12-01,1,18931201
1894-01-01,1,18940101
1894-02-01,1,18940201
1894-03-01,1,18940301
1894-04-01,1,18940401
1894-05-01,1,18940501
1894-06-01,1,18940601
1894-07-01,0,18940701
1894-08-01,0,18940801
1894-09-01,0,18940901
1894-10-01,0,18941001
1894-11-01,0,18941101
1894-12-01,0,18941201
1895-01-01,0,18950101
1895-02-01,0,18950201
1895-03-01,0,18950301
1895-04-01,0,18950401
1895-05-01,0,18950501
1895-06-01,0,18950601
1895-07-01,0,18950701
1895-08-01,0,18950801
1895-09-01,0,18950901
1895-10-01,0,18951001
1895-11-01,0,18951101
1895-12-01,0,18951201
1896-01-01,1,18960101
1896-02-01,1,18960201
1896-03-01,1,18960301
1896-04-01,1,18960401
1896-05-01,1,18960501
1896-06-01,1,18960601
1896-07-01,1,18960701
1896-08-01,1,18960801
1896-09-01,1,18960901
1896-10-01,1,18961001
1896-11-01,1,18961101
1896-12-01,1,18961201
1897-01-01,1,18970101
1897-02-01,1,18970201
1897-03-01,1,18970301
1897-04-01,1,18970401
1897-05-01,1,18970501
1897-06-01,1,18970601
1897-07-01,0,18970701
1897-08-01,0,18970801
1897-09-01,0,18970901
1897-10-01,0,18971001
1897-11-01,0,18971101
1897-12-01,0,18971201
1898-01-01,0,18980101
1898-02-01,0,18980201
1898-03-01,0,18980301
1898-04-01,0,18980401
1898-05-01,0,18980501
1898-06-01,0,18980601
1898-07-01,0,18980701
1898-08-01,0,18980801
1898-09-01,0,18980901
1898-10-01,0,18981001
1898-11-01,0,18981101
1898-12-01,0,18981201
1899-01-01,0,18990101
1899-02-01,0,18990201
1899-03-01,0,18990301
1899-04-01,0,18990401
1899-05-01,0,18990501
1899-06-01,0,18990601
1899-07-01,1,18990701
1899-08-01,1,18990801
1899-09-01,1,18990901
1899-10-01,1,18991001
1899-11-01,1,18991101
1899-12-01,1,18991201
1900-01-01,1,19000101
1900-02-01,1,19000201
1900-03-01,1,19000301
1900-04-01,1,19000401
1900-05-01,1,19000501
1900-06-01,1,19000601
1900-07-01,1,19000701
1900-08-01,1,19000801
1900-09-01,1,19000901
1900-10-01,1,19001001
1900-11-01,1,19001101
1900-12-01,1,19001201
1901-01-01,0,19010101
1901-02-01,0,19010201
1901-03-01,0,19010301
1901-04-01,0,19010401
1901-05-01,0,19010501
1901-06-01,0,19010601
1901-07-01,0,19010701
1901-08-01,0,19010801
1901-09-01,0,19010901
1901-10-01,0,19011001
1901-11-01,0,19011101
1901-12-01,0,19011201
1902-01-01,0,19020101
1902-02-01,0,19020201
1902-03-01,0,19020301
1902-04-01,0,19020401
1902-05-01,0,19020501
1902-06-01,0,19020601
1902-07-01,0,19020701
1902-08-01,0,19020801
1902-09-01,0,19020901
1902-10-01,1,19021001
1902-11-01,1,19021101
1902-12-01,1,19021201
1903-01-01,1,19030101
1903-02-01,1,19030201
1903-03-01,1,19030301
1903-04-01,1,19030401
1903-05-01,1,19030501
1903-06-01,1,19030601
1903-07-01,1,19030701
1903-08-01,1,19030801
1903-09-01,1,19030901
1903-10-01,1,19031001
1903-11-01,1,19031101
1903-12-01,1,19031201
1904-01-01,1,19040101
1904-02-01,1,19040201
1904-03-01,1,19040301
1904-04-01,1,19040401
1904-05-01,1,19040501
1904-06-01,1,19040601
1904-07-01,1,19040701
1904-08-01,1,19040801
1904-09-01,0,19040901
1904-10-01,0,19041001
1904-11-01,0,19041101
1904-12-01,0,19041201
1905-01-01,0,19050101
1905-02-01,0,19050201
1905-03-01,0,19050301
1905-04-01,0,19050401
1905-05-01,0,19050501
1905-06-01,0,19050601
1905-07-01,0,19050701
1905-08-01,0,19050801
1905-09-01,0,19050901
1905-10-01,0,19051001
1905-11-01,0,19051101
1905-12-01,0,19051201
1906-01-01,0,19060101
1906-02-01,0,19060201
1906-03-01,0,19060301
1906-04-01,0,19060401
1906-05-01,0,19060501
1906-06-01,0,19060601
1906-07-01,0,19060701
1906-08-01,0,19060801
1906-09-01,0,19060901
1906-10-01,0,19061001
1906-11-01,0,19061101
1906-12-01,0,19061201
1907-01-01,0,19070101
1907-02-01,0,19070201
1907-03-01,0,19070301
1907-04-01,0,19070401
1907-05-01,0,19070501
1907-06-01,1,19070601
1907-07-01,1,19070701
1907-08-01,1,19070801
1907-09-01,1,19070901
1907-10-01,1,19071001
1907-11-01,1,19071101
1907-12-01,1,19071201
1908-01-01,1,19080101
1908-02-01,1,19080201
1908-03-01,1,19080301
1908-04-01,1,19080401
1908-05-01,1,19080501
1908-06-01,1,19080601
1908-07-01,0,19080701
1908-08-01,0,19080801
1908-09-01,0,19080901
1908-10-01,0,19081001
1908-11-01,0,19081101
1908-12-01,0,19081201
1909-01-01,0,19090101
1909-02-01,0,19090201
1909-03-01,0,19090301
1909-04-01,0,19090401
1909-05-01,0,19090501
1909-06-01,0,19090601
1909-07-01,0,19090701
1909-08-01,0,19090801
1909-09-01,0,19090901
1909-10-01,0,19091001
1909-11-01,0,19091101
1909-12-01,0,19091201
1910-01-01,0,19100101
1910-02-01,1,19100201
1910-03-01,1,19100301
1910-04-01,1,19100401
1910-05-01,1,19100501
1910-06-01,1,19100601
1910-07-01,1,19100701
1910-08-01,1,19100801
1910-09-01,1,19100901
1910-10-01,1,19101001
1910-11-01,1,19101101
1910-12-01,1,19101201
1911-01-01,1,19110101
1911-02-01,1,19110201
1911-03-01,1,19110301
1911-04-01,1,19110401
1911-05-01,1,19110501
1911-06-01,1,19110601
1911-07-01,1,19110701
1911-08-01,1,19110801
1911-09-01,1,19110901
1911-10-01,1,19111001
1911-11-01,1,19111101
1911-12-01,1,19111201
1912-01-01,1,19120101
1912-02-01,0,19120201
1912-03-01,0,19120301
1912-04-01,0,19120401
1912-05-01,0,19120501
1912-06-01,0,19120601
1912-07-01,0,19120701
1912-08-01,0,19120801
1912-09-01,0,19120901
1912-10-01,0,19121001
1912-11-01,0,19121101
1912-12-01,0,19121201
1913-01-01,0,19130101
1913-02-01,1,19130201
1913-03-01,1,19130301
1913-04-01,1,19130401
1913-05-01,1,19130501
1913-06-01,1,19130601
1913-07-01,1,19130701
1913-08-01,1,19130801
1913-09-01,1,19130901
1913-10-01,1,19131001
1913-11-01,1,19131101
1913-12-01,1,19131201
1914-01-01,1,19140101
1914-02-01,1,19140201
1914-03-01,1,19140301
1914-04-01,1,19140401
1914-05-01,1,19140501
1914-06-01,1,19140601
1914-07-01,1,19140701
1914-08-01,1,19140801
1914-09-01,1,19140901
1914-10-01,1,19141001
1914-11-01,1,19141101
1914-12-01,1,19141201
1915-01-01,0,19150101
1915-02-01,0,19150201
1915-03-01,0,19150301
1915-04-01,0,19150401
1915-05-01,0,19150501
1915-06-01,0,19150601
1915-07-01,0,19150701
1915-08-01,0,19150801
1915-09-01,0,19150901
1915-10-01,0,19151001
1915-11-01,0,19151101
1915-12-01,0,19151201
1916-01-01,0,19160101
1916-02-01,0,19160201
1916-03-01,0,19160301
1916-04-01,0,19160401
1916-05-01,0,19160501
1916-06-01,0,19160601
1916-07-01,0,19160701
1916-08-01,0,19160801
1916-09-01,0,19160901
1916-10-01,0,19161001
1916-11-01,0,19161101
1916-12-01,0,19161201
1917-01-01,0,19170101
1917-02-01,0,19170201
1917-03-01,0,19170301
1917-04-01,0,19170401
1917-05-01,0,19170501
1917-06-01,0,19170601
1917-07-01,0,19170701
1917-08-01,0,19170801
1917-09-01,0,19170901
1917-10-01,0,19171001
1917-11-01,0,19171101
1917-12-01,0,19171201
1918-01-01,0,19180101
1918-02-01,0,19180201
1918-03-01,0,19180301
1918-04-01,0,19180401
1918-05-01,0,19180501
1918-06-01,0,19180601
1918-07-01,0,19180701
1918-08-01,0,19180801
1918-09-01,1,19180901
1918-10-01,1,19181001
1918-11-01,1,19181101
1918-12-01,1,19181201
1919-01-01,1,19190101
1919-02-01,1,19190201
1919-03-01,1,19190301
1919-04-01,0,19190401
1919-05-01,0,19190501
1919-06-01,0,19190601
1919-07-01,0,19190701
1919-08-01,0,19190801
1919-09-01,0,19190901
1919-10-01,0,19191001
1919-11-01,0,19191101
1919-12-01,0,19191201
1920-01-01,0,19200101
1920-02-01,1,19200201
1920-03-01,1,19200301
1920-04-01,1,19200401
1920-05-01,1,19200501
1920-06-01,1,19200601
1920-07-01,1,19200701
1920-08-01,1,19200801
1920-09-01,1,19200901
1920-10-01,1,19201001
1920-11-01,1,19201101
1920-12-01,1,19201201
1921-01-01,1,19210101
1921-02-01,1,19210201
1921-03-01,1,19210301
1921-04-01,1,19210401
1921-05-01,1,19210501
1921-06-01,1,19210601
1921-07-01,1,19210701
1921-08-01,0,19210801
1921-09-01,0,19210901
1921-10-01,0,19211001
1921-11-01,0,19211101
1921-12-01,0,19211201
1922-01-01,0,19220101
1922-02-01,0,19220201
1922-03-01,0,19220301
1922-04-01,0,19220401
1922-05-01,0,19220501
1922-06-01,0,19220601
1922-07-01,0,19220701
1922-08-01,0,19220801
1922-09-01,0,19220901
1922-10-01,0,19221001
1922-11-01,0,19221101
1922-12-01,0,19221201
1923-01-01,0,19230101
1923-02-01,0,19230201
1923-03-01,0,19230301
1923-04-01,0,19230401
1923-05-01,0,19230501
1923-06-01,1,19230601
1923-07-01,1,19230701
1923-08-01,1,19230801
1923-09-01,1,19230901
1923-10-01,1,19231001
1923-11-01,1,19231101
1923-12-01,1,19231201
1924-01-01,1,19240101
1924-02-01,1,19240201
1924-03-01,1,19240301
1924-04-01,1,19240401
1924-05-01,1,19240501
1924-06-01,1,19240601
1924-07-01,1,19240701
1924-08-01,0,19240801
1924-09-01,0,19240901
1924-10-01,0,19241001
1924-11-01,0,19241101
1924-12-01,0,19241201
1925-01-01,0,19250101
1925-02-01,0,19250201
1925-03-01,0,19250301
1925-04-01,0,19250401
1925-05-01,0,19250501
1925-06-01,0,19250601
1925-07-01,0,19250701
1925-08-01,0,19250801
1925-09-01,0,19250901
1925-10-01,0,19251001
1925-11-01,0,19251101
1925-12-01,0,19251201
1926-01-01,0,19260101
1926-02-01,0,19260201
1926-03-01,0,19260301
1926-04-01,0,19260401
1926-05-01,0,19260501
1926-06-01,0,19260601
1926-07-01,0,19260701
1926-08-01,0,19260801
1926-09-01,0,19260901
1926-10-01,0,19261001
1926-11-01,1,19261101
1926-12-01,1,19261201
1927-01-01,1,19270101
1927-02-01,1,19270201
1927-03-01,1,19270301
1927-04-01,1,19270401
1927-05-01,1,19270501
1927-06-01,1,19270601
1927-07-01,1,19270701
1927-08-01,1,19270801
1927-09-01,1,19270901
1927-10-01,1,19271001
1927-11-01,1,19271101
1927-12-01,0,19271201
1928-01-01,0,19280101
1928-02-01,0,19280201
1928-03-01,0,19280301
1928-04-01,0,19280401
1928-05-01,0,19280501
1928-06-01,0,19280601
1928-07-01,0,19280701
1928-08-01,0,19280801
1928-09-01,0,19280901
1928-10-01,0,19281001
1928-11-01,0,19281101
1928-12-01,0,19281201
1929-01-01,0,19290101
1929-02-01,0,19290201
1929-03-01,0,19290301
1929-04-01,0,19290401
1929-05-01,0,19290501
1929-06-01,0,19290601
1929-07-01,0,19290701
1929-08-01,0,19290801
1929-09-01,1,19290901
1929-10-01,1,19291001
1929-11-01,1,19291101
1929-12-01,1,19291201
1930-01-01,1,19300101
1930-02-01,1,19300201
1930-03-01,1,19300301
1930-04-01,1,19300401
1930-05-01,1,19300501
1930-06-01,1,19300601
1930-07-01,1,19300701
1930-08-01,1,19300801
1930-09-01,1,19300901
1930-10-01,1,19301001
1930-11-01,1,19301101
1930-12-01,1,19301201
1931-01-01,1,19310101
1931-02-01,1,19310201
1931-03-01,1,19310301
1931-04-01,1,19310401
1931-05-01,1,19310501
1931-06-01,1,19310601
1931-07-01,1,19310701
1931-08-01,1,19310801
1931-09-01,1,19310901
1931-10-01,1,19311001
1931-11-01,1,19311101
1931-12-01,1,19311201
1932-01-01,1,19320101
1932-02-01,1,19320201
1932-03-01,1,19320301
1932-04-01,1,19320401
1932-05-01,1,19320501
1932-06-01,1,19320601
1932-07-01,1,19320701
1932-08-01,1,19320801
1932-09-01,1,19320901
1932-10-01,1,19321001
1932-11-01,1,19321101
1932-12-01,1,19321201
1933-01-01,1,19330101
1933-02-01,1,19330201
1933-03-01,1,19330301
1933-04-01,0,19330401
1933-05-01,0,19330501
1933-06-01,0,19330601
1933-07-01,0,19330701
1933-08-01,0,19330801
1933-09-01,0,19330901
1933-10-01,0,19331001
1933-11-01,0,19331101
1933-12-01,0,19331201
1934-01-01,0,19340101
1934-02-01,0,19340201
1934-03-01,0,19340301
1934-04-01,0,19340401
1934-05-01,0,19340501
1934-06-01,0,19340601
1934-07-01,0,19340701
1934-08-01,0,19340801
1934-09-01,0,19340901
1934-10-01,0,19341001
1934-11-01,0,19341101
1934-12-01,0,19341201
1935-01-01,0,19350101
1935-02-01,0,19350201
1935-03-01,0,19350301
1935-04-01,0,19350401
1935-05-01,0,19350501
1935-06-01,0,19350601
1935-07-01,0,19350701
1935-08-01,0,19350801
1935-09-01,0,19350901
1935-10-01,0,19351001
1935-11-01,0,19351101
1935-12-01,0,19351201
1936-01-01,0,19360101
1936-02-01,0,19360201
1936-03-01,0,19360301
1936-04-01,0,19360401
1936-05-01,0,19360501
1936-06-01,0,19360601
1936-07-01,0,19360701
1936-08-01,0,19360801
1936-09-01,0,19360901
1936-10-01,0,19361001
1936-11-01,0,19361101
1936-12-01,0,19361201
1937-01-01,0,19370101
1937-02-01,0,19370201
1937-03-01,0,19370301
1937-04-01,0,19370401
1937-05-01,0,19370501
1937-06-01,1,19370601
1937-07-01,1,19370701
1937-08-01,1,19370801
1937-09-01,1,19370901
1937-10-01,1,19371001
1937-11-01,1,19371101
1937-12-01,1,19371201
1938-01-01,1,19380101
1938-02-01,1,19380201
1938-03-01,1,19380301
1938-04-01,1,19380401
1938-05-01,1,19380501
1938-06-01,1,19380601
1938-07-01,0,19380701
1938-08-01,0,19380801
1938-09-01,0,19380901
1938-10-01,0,19381001
1938-11-01,0,19381101
1938-12-01,0,19381201
1939-01-01,0,19390101
1939-02-01,0,19390201
1939-03-01,0,19390301
1939-04-01,0,19390401
1939-05-01,0,19390501
1939-06-01,0,19390601
1939-07-01,0,19390701
1939-08-01,0,19390801
1939-09-01,0,19390901
1939-10-01,0,19391001
1939-11-01,0,19391101
1939-12-01,0,19391201
1940-01-01,0,19400101
1940-02-01,0,19400201
1940-03-01,0,19400301
1940-04-01,0,19400401
1940-05-01,0,19400501
1940-06-01,0,19400601
1940-07-01,0,19400701
1940-08-01,0,19400801
1940-09-01,0,19400901
1940-10-01,0,19401001
1940-11-01,0,19401101
1940-12-01,0,19401201
1941-01-01,0,19410101
1941-02-01,0,19410201
1941-03-01,0,19410301
1941-04-01,0,19410401
1941-05-01,0,19410501
1941-06-01,0,19410601
1941-07-01,0,19410701
1941-08-01,0,19410801
1941-09-01,0,19410901
1941-10-01,0,19411001
1941-11-01,0,19411101
1941-12-01,0,19411201
1942-01-01,0,19420101
1942-02-01,0,19420201
1942-03-01,0,19420301
1942-04-01,0,19420401
1942-05-01,0,19420501
1942-06-01,0,19420601
1942-07-01,0,19420701
1942-08-01,0,19420801
1942-09-01,0,19420901
1942-10-01,0,19421001
1942-11-01,0,19421101
1942-12-01,0,19421201
1943-01-01,0,19430101
1943-02-01,0,19430201
1943-03-01,0,19430301
1943-04-01,0,19430401
1943-05-01,0,19430501
1943-06-01,0,19430601
1943-07-01,0,19430701
1943-08-01,0,19430801
1943-09-01,0,19430901
1943-10-01,0,19431001
1943-11-01,0,19431101
1943-12-01,0,19431201
1944-01-01,0,19440101
1944-02-01,0,19440201
1944-03-01,0,19440301
1944-04-01,0,19440401
1944-05-01,0,19440501
1944-06-01,0,19440601
1944-07-01,0,19440701
1944-08-01,0,19440801
1944-09-01,0,19440901
1944-10-01,0,19441001
1944-11-01,0,19441101
1944-12-01,0,19441201
1945-01-01,0,19450101
1945-02-01,0,19450201
1945-03-01,1,19450301
1945-04-01,1,19450401
1945-05-01,1,19450501
1945-06-01,1,19450601
1945-07-01,1,19450701
1945-08-01,1,19450801
1945-09-01,1,19450901
1945-10-01,1,19451001
1945-11-01,0,19451101
1945-12-01,0,19451201
1946-01-01,0,19460101
1946-02-01,0,19460201
1946-03-01,0,19460301
1946-04-01,0,19460401
1946-05-01,0,19460501
1946-06-01,0,19460601
1946-07-01,0,19460701
1946-08-01,0,19460801
1946-09-01,0,19460901
1946-10-01,0,19461001
1946-11-01,0,19461101
1946-12-01,0,19461201
1947-01-01,0,19470101
1947-02-01,0,19470201
1947-03-01,0,19470301
1947-04-01,0,19470401
1947-05-01,0,19470501
1947-06-01,0,19470601
1947-07-01,0,19470701
1947-08-01,0,19470801
1947-09-01,0,19470901
1947-10-01,0,19471001
1947-11-01,0,19471101
1947-12-01,0,19471201
1948-01-01,0,19480101
1948-02-01,0,19480201
1948-03-01,0,19480301
1948-04-01,0,19480401
1948-05-01,0,19480501
1948-06-01,0,19480601
1948-07-01,0,19480701
1948-08-01,0,19480801
1948-09-01,0,19480901
1948-10-01,0,19481001
1948-11-01,0,19481101
1948-12-01,1,19481201
1949-01-01,1,19490101
1949-02-01,1,19490201
1949-03-01,1,19490301
1949-04-01,1,19490401
1949-05-01,1,19490501
1949-06-01,1,19490601
1949-07-01,1,19490701
1949-08-01,1,19490801
1949-09-01,1,19490901
1949-10-01,1,19491001
1949-11-01,0,19491101
1949-12-01,0,19491201
1950-01-01,0,19500101
1950-02-01,0,19500201
1950-03-01,0,19500301
1950-04-01,0,19500401
1950-05-01,0,19500501
1950-06-01,0,19500601
1950-07-01,0,19500701
1950-08-01,0,19500801
1950-09-01,0,19500901
1950-10-01,0,19501001
1950-11-01,0,19501101
1950-12-01,0,19501201
1951-01-01,0,19510101
1951-02-01,0,19510201
1951-03-01,0,19510301
1951-04-01,0,19510401
1951-05-01,0,19510501
1951-06-01,0,19510601
1951-07-01,0,19510701
1951-08-01,0,19510801
1951-09-01,0,19510901
1951-10-01,0,19511001
1951-11-01,0,19511101
1951-12-01,0,19511201
1952-01-01,0,19520101
1952-02-01,0,19520201
1952-03-01,0,19520301
1952-04-01,0,19520401
1952-05-01,0,19520501
1952-06-01,0,19520601
1952-07-01,0,19520701
1952-08-01,0,19520801
1952-09-01,0,19520901
1952-10-01,0,19521001
1952-11-01,0,19521101
1952-12-01,0,19521201
1953-01-01,0,19530101
1953-02-01,0,19530201
1953-03-01,0,19530301
1953-04-01,0,19530401
1953-05-01,0,19530501
1953-06-01,0,19530601
1953-07-01,0,19530701
1953-08-01,1,19530801
1953-09-01,1,19530901
1953-10-01,1,19531001
1953-11-01,1,19531101
1953-12-01,1,19531201
1954-01-01,1,19540101
1954-02-01,1,19540201
1954-03-01,1,19540301
1954-04-01,1,19540401
1954-05-01,1,19540501
1954-06-01,0,19540601
1954-07-01,0,19540701
1954-08-01,0,19540801
1954-09-01,0,19540901
1954-10-01,0,19541001
1954-11-01,0,19541101
1954-12-01,0,19541201
1955-01-01,0,19550101
1955-02-01,0,19550201
1955-03-01,0,19550301
1955-04-01,0,19550401
1955-05-01,0,19550501
1955-06-01,0,19550601
1955-07-01,0,19550701
1955-08-01,0,19550801
1955-09-01,0,19550901
1955-10-01,0,19551001
1955-11-01,0,19551101
1955-12-01,0,19551201
1956-01-01,0,19560101
1956-02-01,0,19560201
1956-03-01,0,19560301
1956-04-01,0,19560401
1956-05-01,0,19560501
1956-06-01,0,19560601
1956-07-01,0,19560701
1956-08-01,0,19560801
1956-09-01,0,19560901
1956-10-01,0,19561001
1956-11-01,0,19561101
1956-12-01,0,19561201
1957-01-01,0,19570101
1957-02-01,0,19570201
1957-03-01,0,19570301
1957-04-01,0,19570401
1957-05-01,0,19570501
1957-06-01,0,19570601
1957-07-01,0,19570701
1957-08-01,0,19570801
1957-09-01,1,19570901
1957-10-01,1,19571001
1957-11-01,1,19571101
1957-12-01,1,19571201
1958-01-01,1,19580101
1958-02-01,1,19580201
1958-03-01,1,19580301
1958-04-01,1,19580401
1958-05-01,0,19580501
1958-06-01,0,19580601
1958-07-01,0,19580701
1958-08-01,0,19580801
1958-09-01,0,19580901
1958-10-01,0,19581001
1958-11-01,0,19581101
1958-12-01,0,19581201
1959-01-01,0,19590101
1959-02-01,0,19590201
1959-03-01,0,19590301
1959-04-01,0,19590401
1959-05-01,0,19590501
1959-06-01,0,19590601
1959-07-01,0,19590701
1959-08-01,0,19590801
1959-09-01,0,19590901
1959-10-01,0,19591001
1959-11-01,0,19591101
1959-12-01,0,19591201
1960-01-01,0,19600101
1960-02-01,0,19600201
1960-03-01,0,19600301
1960-04-01,0,19600401
1960-05-01,1,19600501
1960-06-01,1,19600601
1960-07-01,1,19600701
1960-08-01,1,19600801
1960-09-01,1,19600901
1960-10-01,1,19601001
1960-11-01,1,19601101
1960-12-01,1,19601201
1961-01-01,1,19610101
1961-02-01,1,19610201
1961-03-01,0,19610301
1961-04-01,0,19610401
1961-05-01,0,19610501
1961-06-01,0,19610601
1961-07-01,0,19610701
1961-08-01,0,19610801
1961-09-01,0,19610901
1961-10-01,0,19611001
1961-11-01,0,19611101
1961-12-01,0,19611201
1962-01-01,0,19620101
1962-02-01,0,19620201
1962-03-01,0,19620301
1962-04-01,0,19620401
1962-05-01,0,19620501
1962-06-01,0,19620601
1962-07-01,0,19620701
1962-08-01,0,19620801
1962-09-01,0,19620901
1962-10-01,0,19621001
1962-11-01,0,19621101
1962-12-01,0,19621201
1963-01-01,0,19630101
1963-02-01,0,19630201
1963-03-01,0,19630301
1963-04-01,0,19630401
1963-05-01,0,19630501
1963-06-01,0,19630601
1963-07-01,0,19630701
1963-08-01,0,19630801
1963-09-01,0,19630901
1963-10-01,0,19631001
1963-11-01,0,19631101
1963-12-01,0,19631201
1964-01-01,0,19640101
1964-02-01,0,19640201
1964-03-01,0,19640301
1964-04-01,0,19640401
1964-05-01,0,19640501
1964-06-01,0,19640601
1964-07-01,0,19640701
1964-08-01,0,19640801
1964-09-01,0,19640901
1964-10-01,0,19641001
1964-11-01,0,19641101
1964-12-01,0,19641201
1965-01-01,0,19650101
1965-02-01,0,19650201
1965-03-01,0,19650301
1965-04-01,0,19650401
1965-05-01,0,19650501
1965-06-01,0,19650601
1965-07-01,0,19650701
1965-08-01,0,19650801
1965-09-01,0,19650901
1965-10-01,0,19651001
1965-11-01,0,19651101
1965-12-01,0,19651201
1966-01-01,0,19660101
1966-02-01,0,19660201
1966-03-01,0,19660301
1966-04-01,0,19660401
1966-05-01,0,19660501
1966-06-01,0,19660601
1966-07-01,0,19660701
1966-08-01,0,19660801
1966-09-01,0,19660901
1966-10-01,0,19661001
1966-11-01,0,19661101
1966-12-01,0,19661201
1967-01-01,0,19670101
1967-02-01,0,19670201
1967-03-01,0,19670301
1967-04-01,0,19670401
1967-05-01,0,19670501
1967-06-01,0,19670601
1967-07-01,0,19670701
1967-08-01,0,19670801
1967-09-01,0,19670901
1967-10-01,0,19671001
1967-11-01,0,19671101
1967-12-01,0,19671201
1968-01-01,0,19680101
1968-02-01,0,19680201
1968-03-01,0,19680301
1968-04-01,0,19680401
1968-05-01,0,19680501
1968-06-01,0,19680601
1968-07-01,0,19680701
1968-08-01,0,19680801
1968-09-01,0,19680901
1968-10-01,0,19681001
1968-11-01,0,19681101
1968-12-01,0,19681201
1969-01-01,0,19690101
1969-02-01,0,19690201
1969-03-01,0,19690301
1969-04-01,0,19690401
1969-05-01,0,19690501
1969-06-01,0,19690601
1969-07-01,0,19690701
1969-08-01,0,19690801
1969-09-01,0,19690901
1969-10-01,0,19691001
1969-11-01,0,19691101
1969-12-01,0,19691201
1970-01-01,1,19700101
1970-02-01,1,19700201
1970-03-01,1,19700301
1970-04-01,1,19700401
1970-05-01,1,19700501
1970-06-01,1,19700601
1970-07-01,1,19700701
1970-08-01,1,19700801
1970-09-01,1,19700901
1970-10-01,1,19701001
1970-11-01,1,19701101
1970-12-01,0,19701201
1971-01-01,0,19710101
1971-02-01,0,19710201
1971-03-01,0,19710301
1971-04-01,0,19710401
1971-05-01,0,19710501
1971-06-01,0,19710601
1971-07-01,0,19710701
1971-08-01,0,19710801
1971-09-01,0,19710901
1971-10-01,0,19711001
1971-11-01,0,19711101
1971-12-01,0,19711201
1972-01-01,0,19720101
1972-02-01,0,19720201
1972-03-01,0,19720301
1972-04-01,0,19720401
1972-05-01,0,19720501
1972-06-01,0,19720601
1972-07-01,0,19720701
1972-08-01,0,19720801
1972-09-01,0,19720901
1972-10-01,0,19721001
1972-11-01,0,19721101
1972-12-01,0,19721201
1973-01-01,0,19730101
1973-02-01,0,19730201
1973-03-01,0,19730301
1973-04-01,0,19730401
1973-05-01,0,19730501
1973-06-01,0,19730601
1973-07-01,0,19730701
1973-08-01,0,19730801
1973-09-01,0,19730901
1973-10-01,0,19731001
1973-11-01,0,19731101
1973-12-01,1,19731201
1974-01-01,1,19740101
1974-02-01,1,19740201
1974-03-01,1,19740301
1974-04-01,1,19740401
1974-05-01,1,19740501
1974-06-01,1,19740601
1974-07-01,1,19740701
1974-08-01,1,19740801
1974-09-01,1,19740901
1974-10-01,1,19741001
1974-11-01,1,19741101
1974-12-01,1,19741201
1975-01-01,1,19750101
1975-02-01,1,19750201
1975-03-01,1,19750301
1975-04-01,0,19750401
1975-05-01,0,19750501
1975-06-01,0,19750601
1975-07-01,0,19750701
1975-08-01,0,19750801
1975-09-01,0,19750901
1975-10-01,0,19751001
1975-11-01,0,19751101
1975-12-01,0,19751201
1976-01-01,0,19760101
1976-02-01,0,19760201
1976-03-01,0,19760301
1976-04-01,0,19760401
1976-05-01,0,19760501
1976-06-01,0,19760601
1976-07-01,0,19760701
1976-08-01,0,19760801
1976-09-01,0,19760901
1976-10-01,0,19761001
1976-11-01,0,19761101
1976-12-01,0,19761201
1977-01-01,0,19770101
1977-02-01,0,19770201
1977-03-01,0,19770301
1977-04-01,0,19770401
1977-05-01,0,19770501
1977-06-01,0,19770601
1977-07-01,0,19770701
1977-08-01,0,19770801
1977-09-01,0,19770901
1977-10-01,0,19771001
1977-11-01,0,19771101
1977-12-01,0,19771201
1978-01-01,0,19780101
1978-02-01,0,19780201
1978-03-01,0,19780301
1978-04-01,0,19780401
1978-05-01,0,19780501
1978-06-01,0,19780601
1978-07-01,0,19780701
1978-08-01,0,19780801
1978-09-01,0,19780901
1978-10-01,0,19781001
1978-11-01,0,19781101
1978-12-01,0,19781201
1979-01-01,0,19790101
1979-02-01,0,19790201
1979-03-01,0,19790301
1979-04-01,0,19790401
1979-05-01,0,19790501
1979-06-01,0,19790601
1979-07-01,0,19790701
1979-08-01,0,19790801
1979-09-01,0,19790901
1979-10-01,0,19791001
1979-11-01,0,19791101
1979-12-01,0,19791201
1980-01-01,0,19800101
1980-02-01,1,19800201
1980-03-01,1,19800301
1980-04-01,1,19800401
1980-05-01,1,19800501
1980-06-01,1,19800601
1980-07-01,1,19800701
1980-08-01,0,19800801
1980-09-01,0,19800901
1980-10-01,0,19801001
1980-11-01,0,19801101
1980-12-01,0,19801201
1981-01-01,0,19810101
1981-02-01,0,19810201
1981-03-01,0,19810301
1981-04-01,0,19810401
1981-05-01,0,19810501
1981-06-01,0,19810601
1981-07-01,0,19810701
1981-08-01,1,19810801
1981-09-01,1,19810901
1981-10-01,1,19811001
1981-11-01,1,19811101
1981-12-01,1,19811201
1982-01-01,1,19820101
1982-02-01,1,19820201
1982-03-01,1,19820301
1982-04-01,1,19820401
1982-05-01,1,19820501
1982-06-01,1,19820601
1982-07-01,1,19820701
1982-08-01,1,19820801
1982-09-01,1,19820901
1982-10-01,1,19821001
1982-11-01,1,19821101
1982-12-01,0,19821201
1983-01-01,0,19830101
1983-02-01,0,19830201
1983-03-01,0,19830301
1983-04-01,0,19830401
1983-05-01,0,19830501
1983-06-01,0,19830601
1983-07-01,0,19830701
1983-08-01,0,19830801
1983-09-01,0,19830901
1983-10-01,0,19831001
1983-11-01,0,19831101
1983-12-01,0,19831201
1984-01-01,0,19840101
1984-02-01,0,19840201
1984-03-01,0,19840301
1984-04-01,0,19840401
1984-05-01,0,19840501
1984-06-01,0,19840601
1984-07-01,0,19840701
1984-08-01,0,19840801
1984-09-01,0,19840901
1984-10-01,0,19841001
1984-11-01,0,19841101
1984-12-01,0,19841201
1985-01-01,0,19850101
1985-02-01,0,19850201
1985-03-01,0,19850301
1985-04-01,0,19850401
1985-05-01,0,19850501
1985-06-01,0,19850601
1985-07-01,0,19850701
1985-08-01,0,19850801
1985-09-01,0,19850901
1985-10-01,0,19851001
1985-11-01,0,19851101
1985-12-01,0,19851201
1986-01-01,0,19860101
1986-02-01,0,19860201
1986-03-01,0,19860301
1986-04-01,0,19860401
1986-05-01,0,19860501
1986-06-01,0,19860601
1986-07-01,0,19860701
1986-08-01,0,19860801
1986-09-01,0,19860901
1986-10-01,0,19861001
1986-11-01,0,19861101
1986-12-01,0,19861201
1987-01-01,0,19870101
1987-02-01,0,19870201
1987-03-01,0,19870301
1987-04-01,0,19870401
1987-05-01,0,19870501
1987-06-01,0,19870601
1987-07-01,0,19870701
1987-08-01,0,19870801
1987-09-01,0,19870901
1987-10-01,0,19871001
1987-11-01,0,19871101
1987-12-01,0,19871201
1988-01-01,0,19880101
1988-02-01,0,19880201
1988-03-01,0,19880301
1988-04-01,0,19880401
1988-05-01,0,19880501
1988-06-01,0,19880601
1988-07-01,0,19880701
1988-08-01,0,19880801
1988-09-01,0,19880901
1988-10-01,0,19881001
1988-11-01,0,19881101
1988-12-01,0,19881201
1989-01-01,0,19890101
1989-02-01,0,19890201
1989-03-01,0,19890301
1989-04-01,0,19890401
1989-05-01,0,19890501
1989-06-01,0,19890601
1989-07-01,0,19890701
1989-08-01,0,19890801
1989-09-01,0,19890901
1989-10-01,0,19891001
1989-11-01,0,19891101
1989-12-01,0,19891201
1990-01-01,0,19900101
1990-02-01,0,19900201
1990-03-01,0,19900301
1990-04-01,0,19900401
1990-05-01,0,19900501
1990-06-01,0,19900601
1990-07-01,0,19900701
1990-08-01,1,19900801
1990-09-01,1,19900901
1990-10-01,1,19901001
1990-11-01,1,19901101
1990-12-01,1,19901201
1991-01-01,1,19910101
1991-02-01,1,19910201
1991-03-01,1,19910301
1991-04-01,0,19910401
1991-05-01,0,19910501
1991-06-01,0,19910601
1991-07-01,0,19910701
1991-08-01,0,19910801
1991-09-01,0,19910901
1991-10-01,0,19911001
1991-11-01,0,19911101
1991-12-01,0,19911201
1992-01-01,0,19920101
1992-02-01,0,19920201
1992-03-01,0,19920301
1992-04-01,0,19920401
1992-05-01,0,19920501
1992-06-01,0,19920601
1992-07-01,0,19920701
1992-08-01,0,19920801
1992-09-01,0,19920901
1992-10-01,0,19921001
1992-11-01,0,19921101
1992-12-01,0,19921201
1993-01-01,0,19930101
1993-02-01,0,19930201
1993-03-01,0,19930301
1993-04-01,0,19930401
1993-05-01,0,19930501
1993-06-01,0,19930601
1993-07-01,0,19930701
1993-08-01,0,19930801
1993-09-01,0,19930901
1993-10-01,0,19931001
1993-11-01,0,19931101
1993-12-01,0,19931201
1994-01-01,0,19940101
1994-02-01,0,19940201
1994-03-01,0,19940301
1994-04-01,0,19940401
1994-05-01,0,19940501
1994-06-01,0,19940601
1994-07-01,0,19940701
1994-08-01,0,19940801
1994-09-01,0,19940901
1994-10-01,0,19941001
1994-11-01,0,19941101
1994-12-01,0,19941201
1995-01-01,0,19950101
1995-02-01,0,19950201
1995-03-01,0,19950301
1995-04-01,0,19950401
1995-05-01,0,19950501
1995-06-01,0,19950601
1995-07-01,0,19950701
1995-08-01,0,19950801
1995-09-01,0,19950901
1995-10-01,0,19951001
1995-11-01,0,19951101
1995-12-01,0,19951201
1996-01-01,0,19960101
1996-02-01,0,19960201
1996-03-01,0,19960301
1996-04-01,0,19960401
1996-05-01,0,19960501
1996-06-01,0,19960601
1996-07-01,0,19960701
1996-08-01,0,19960801
1996-09-01,0,19960901
1996-10-01,0,19961001
1996-11-01,0,19961101
1996-12-01,0,19961201
1997-01-01,0,19970101
1997-02-01,0,19970201
1997-03-01,0,19970301
1997-04-01,0,19970401
1997-05-01,0,19970501
1997-06-01,0,19970601
1997-07-01,0,19970701
1997-08-01,0,19970801
1997-09-01,0,19970901
1997-10-01,0,19971001
1997-11-01,0,19971101
1997-12-01,0,19971201
1998-01-01,0,19980101
1998-02-01,0,19980201
1998-03-01,0,19980301
1998-04-01,0,19980401
1998-05-01,0,19980501
1998-06-01,0,19980601
1998-07-01,0,19980701
1998-08-01,0,19980801
1998-09-01,0,19980901
1998-10-01,0,19981001
1998-11-01,0,19981101
1998-12-01,0,19981201
1999-01-01,0,19990101
1999-02-01,0,19990201
1999-03-01,0,19990301
1999-04-01,0,19990401
1999-05-01,0,19990501
1999-06-01,0,19990601
1999-07-01,0,19990701
1999-08-01,0,19990801
1999-09-01,0,19990901
1999-10-01,0,19991001
1999-11-01,0,19991101
1999-12-01,0,19991201
2000-01-01,0,20000101
2000-02-01,0,20000201
2000-03-01,0,20000301
2000-04-01,0,20000401
2000-05-01,0,20000501
2000-06-01,0,20000601
2000-07-01,0,20000701
2000-08-01,0,20000801
2000-09-01,0,20000901
2000-10-01,0,20001001
2000-11-01,0,20001101
2000-12-01,0,20001201
2001-01-01,0,20010101
2001-02-01,0,20010201
2001-03-01,0,20010301
2001-04-01,1,20010401
2001-05-01,1,20010501
2001-06-01,1,20010601
2001-07-01,1,20010701
2001-08-01,1,20010801
2001-09-01,1,20010901
2001-10-01,1,20011001
2001-11-01,1,20011101
2001-12-01,0,20011201
2002-01-01,0,20020101
2002-02-01,0,20020201
2002-03-01,0,20020301
2002-04-01,0,20020401
2002-05-01,0,20020501
2002-06-01,0,20020601
2002-07-01,0,20020701
2002-08-01,0,20020801
2002-09-01,0,20020901
2002-10-01,0,20021001
2002-11-01,0,20021101
2002-12-01,0,20021201
2003-01-01,0,20030101
2003-02-01,0,20030201
2003-03-01,0,20030301
2003-04-01,0,20030401
2003-05-01,0,20030501
2003-06-01,0,20030601
2003-07-01,0,20030701
2003-08-01,0,20030801
2003-09-01,0,20030901
2003-10-01,0,20031001
2003-11-01,0,20031101
2003-12-01,0,20031201
2004-01-01,0,20040101
2004-02-01,0,20040201
2004-03-01,0,20040301
2004-04-01,0,20040401
2004-05-01,0,20040501
2004-06-01,0,20040601
2004-07-01,0,20040701
2004-08-01,0,20040801
2004-09-01,0,20040901
2004-10-01,0,20041001
2004-11-01,0,20041101
2004-12-01,0,20041201
2005-01-01,0,20050101
2005-02-01,0,20050201
2005-03-01,0,20050301
2005-04-01,0,20050401
2005-05-01,0,20050501
2005-06-01,0,20050601
2005-07-01,0,20050701
2005-08-01,0,20050801
2005-09-01,0,20050901
2005-10-01,0,20051001
2005-11-01,0,20051101
2005-12-01,0,20051201
2006-01-01,0,20060101
2006-02-01,0,20060201
2006-03-01,0,20060301
2006-04-01,0,20060401
2006-05-01,0,20060501
2006-06-01,0,20060601
2006-07-01,0,20060701
2006-08-01,0,20060801
2006-09-01,0,20060901
2006-10-01,0,20061001
2006-11-01,0,20061101
2006-12-01,0,20061201
2007-01-01,0,20070101
2007-02-01,0,20070201
2007-03-01,0,20070301
2007-04-01,0,20070401
2007-05-01,0,20070501
2007-06-01,0,20070601
2007-07-01,0,20070701
2007-08-01,0,20070801
2007-09-01,0,20070901
2007-10-01,0,20071001
2007-11-01,0,20071101
2007-12-01,0,20071201
2008-01-01,1,20080101
2008-02-01,1,20080201
2008-03-01,1,20080301
2008-04-01,1,20080401
2008-05-01,1,20080501
2008-06-01,1,20080601
2008-07-01,1,20080701
2008-08-01,1,20080801
2008-09-01,1,20080901
2008-10-01,1,20081001
2008-11-01,1,20081101
2008-12-01,1,20081201
2009-01-01,1,20090101
2009-02-01,1,20090201
2009-03-01,1,20090301
2009-04-01,1,20090401
2009-05-01,1,20090501
2009-06-01,1,20090601
2009-07-01,0,20090701
2009-08-01,0,20090801
2009-09-01,0,20090901
2009-10-01,0,20091001
2009-11-01,0,20091101
2009-12-01,0,20091201
2010-01-01,0,20100101
2010-02-01,0,20100201
2010-03-01,0,20100301
2010-04-01,0,20100401
2010-05-01,0,20100501
2010-06-01,0,20100601
2010-07-01,0,20100701
2010-08-01,0,20100801
2010-09-01,0,20100901
2010-10-01,0,20101001
2010-11-01,0,20101101
2010-12-01,0,20101201
2011-01-01,0,20110101
2011-02-01,0,20110201
2011-03-01,0,20110301
2011-04-01,0,20110401
2011-05-01,0,20110501
2011-06-01,0,20110601
2011-07-01,0,20110701
2011-08-01,0,20110801
2011-09-01,0,20110901
2011-10-01,0,20111001
2011-11-01,0,20111101
2011-12-01,0,20111201
2012-01-01,0,20120101
2012-02-01,0,20120201
2012-03-01,0,20120301
2012-04-01,0,20120401
2012-05-01,0,20120501
2012-06-01,0,20120601
2012-07-01,0,20120701
2012-08-01,0,20120801
2012-09-01,0,20120901
2012-10-01,0,20121001
2012-11-01,0,20121101
2012-12-01,0,20121201
2013-01-01,0,20130101
2013-02-01,0,20130201
2013-03-01,0,20130301
2013-04-01,0,20130401
2013-05-01,0,20130501
2013-06-01,0,20130601
2013-07-01,0,20130701
2013-08-01,0,20130801
2013-09-01,0,20130901
2013-10-01,0,20131001
2013-11-01,0,20131101
2013-12-01,0,20131201
2014-01-01,0,20140101
2014-02-01,0,20140201
2014-03-01,0,20140301
2014-04-01,0,20140401
2014-05-01,0,20140501
2014-06-01,0,20140601
2014-07-01,0,20140701
2014-08-01,0,20140801
2014-09-01,0,20140901
2014-10-01,0,20141001
2014-11-01,0,20141101
2014-12-01,0,20141201
2015-01-01,0,20150101
2015-02-01,0,20150201
2015-03-01,0,20150301
2015-04-01,0,20150401
2015-05-01,0,20150501
2015-06-01,0,20150601
2015-07-01,0,20150701
2015-08-01,0,20150801
2015-09-01,0,20150901
2015-10-01,0,20151001
2015-11-01,0,20151101
2015-12-01,0,20151201
2016-01-01,0,20160101
2016-02-01,0,20160201
2016-03-01,0,20160301
2016-04-01,0,20160401
2016-05-01,0,20160501
2016-06-01,0,20160601
2016-07-01,0,20160701
2016-08-01,0,20160801
2016-09-01,0,20160901
2016-10-01,0,20161001
2016-11-01,0,20161101
2016-12-01,0,20161201
2017-01-01,0,20170101
2017-02-01,0,20170201
2017-03-01,0,20170301
2017-04-01,0,20170401
2017-05-01,0,20170501
2017-06-01,0,20170601
2017-07-01,0,20170701
2017-08-01,0,20170801
2017-09-01,0,20170901
2017-10-01,0,20171001
2017-11-01,0,20171101
2017-12-01,0,20171201
2018-01-01,0,20180101
2018-02-01,0,20180201
2018-03-01,0,20180301
2018-04-01,0,20180401
2018-05-01,0,20180501
2018-06-01,0,20180601
2018-07-01,0,20180701
2018-08-01,0,20180801
2018-09-01,0,20180901
2018-10-01,0,20181001
2018-11-01,0,20181101
2018-12-01,0,20181201
2019-01-01,0,20190101
2019-02-01,0,20190201
2019-03-01,0,20190301
2019-04-01,0,20190401
2019-05-01,0,20190501
2019-06-01,0,20190601
2019-07-01,0,20190701
2019-08-01,0,20190801
2019-09-01,0,20190901
2019-10-01,0,20191001
2019-11-01,0,20191101
2019-12-01,0,20191201
2020-01-01,0,20200101
2020-02-01,0,20200201
2020-03-01,1,20200301
2020-04-01,1,20200401
2020-05-01,0,20200501
2020-06-01,0,20200601
2020-07-01,0,20200701
2020-08-01,0,20200801
2020-09-01,0,20200901
2020-10-01,0,20201001
2020-11-01,0,20201101
2020-12-01,0,20201201
2021-01-01,0,20210101
2021-02-01,0,20210201
2021-03-01,0,20210301
2021-04-01,0,20210401
2021-05-01,0,20210501
2021-06-01,0,20210601
2021-07-01,0,20210701
2021-08-01,0,20210801
2021-09-01,0,20210901
2021-10-01,0,20211001
2021-11-01,0,20211101
2021-12-01,0,20211201
2022-01-01,0,20220101
2022-02-01,0,20220201
2022-03-01,0,20220301
2022-04-01,0,20220401
2022-05-01,0,20220501
2022-06-01,0,20220601
2022-07-01,0,20220701
2022-08-01,0,20220801
2022-09-01,0,20220901
2022-10-01,0,20221001
2022-11-01,0,20221101
2022-12-01,0,20221201
2023-01-01,0,20230101
2023-02-01,0,20230201
2023-03-01,0,20230301
2023-04-01,0,20230401
2023-05-01,0,20230501
2023-06-01,0,20230601
2023-07-01,0,20230701
2023-08-01,0,20230801
2023-09-01,0,20230901
2023-10-01,0,20231001
2023-11-01,0,20231101
2023-12-01,0,20231201
2024-01-01,0,20240101
2024-02-01,0,20240201
2024-03-01,0,20240301
2024-04-01,0,20240401
2024-05-01,0,20240501
2024-06-01,0,20240601
2024-07-01,0,20240701
2024-08-01,0,20240801
2024-09-01,0,20240901
2024-10-01,0,20241001
2024-11-01,0,20241101
2024-12-01,0,20241201
2025-01-01,0,20250101
2025-02-01,0,20250201
2025-03-01,0,20250301
2025-04-01,0,20250401
2025-05-01,0,20250501
2025-06-01,0,20250601
2025-07-01,0,20250701
2025-08-01,0,20250801
2025-09-01,0,20250901
2025-10-01,0,20251001
